id,matchPeriod,minute,second,type.primary,type.secondary,team.name,player.name,location.x,location.y,pass.endLocation.x,pass.endLocation.y,pass.accurate,shot.xg,shot.isGoal,shot.onTarget
100195,1H,1,3,pass,short_or_medium_pass,Sydney FC,Lolley,62.9,22.1,77.2,19.5,True,,,
100800,1H,1,7,touch,,Melbourne Victory,Izzo,11.4,9.9,,,,,,
100117,1H,1,9,pass,short_or_medium_pass,Sydney FC,Burgess,26.7,52.8,27.6,90.3,True,,,
100632,1H,1,10,touch,,Sydney FC,Grant,34.9,99.0,,,,,,
100745,1H,1,19,touch,,Melbourne Victory,Vidosic,18.8,26.6,,,,,,
100253,1H,1,24,pass,short_or_medium_pass,Sydney FC,Segecic,74.4,29.4,66.4,85.3,True,,,
100382,1H,1,26,pass,short_or_medium_pass,Melbourne Victory,Neyder,27.2,84.4,1.0,40.6,True,,,
100771,1H,1,31,touch,,Melbourne Victory,Rojas,53.4,80.7,,,,,,
100903,1H,2,0,touch,,Melbourne Victory,Rojas,11.7,48.2,,,,,,
100607,1H,2,2,touch,,Sydney FC,Kucharski,86.2,93.0,,,,,,
100394,1H,2,4,pass,short_or_medium_pass,Melbourne Victory,Neyder,23.6,84.4,68.0,96.2,True,,,
100654,1H,2,26,touch,,Sydney FC,Lolley,15.9,83.6,,,,,,
100430,1H,2,31,pass,short_or_medium_pass,Melbourne Victory,Brimmer,46.8,62.5,46.3,39.5,True,,,
100670,1H,2,40,touch,,Sydney FC,Caceres,56.5,72.5,,,,,,
100082,1H,2,43,pass,short_or_medium_pass,Sydney FC,Rodwell,15.1,40.4,47.7,10.3,True,,,
100279,1H,2,46,pass,short_or_medium_pass,Sydney FC,Brattan,67.7,92.8,79.3,48.6,True,,,
100216,1H,2,51,pass,short_or_medium_pass,Sydney FC,Kucharski,56.5,78.7,43.3,53.1,True,,,
100479,1H,2,54,pass,short_or_medium_pass,Melbourne Victory,Kalifa,64.4,67.1,76.6,23.2,True,,,
100520,1H,3,2,touch,,Sydney FC,Lolley,28.1,48.5,,,,,,
100095,1H,3,14,pass,short_or_medium_pass,Sydney FC,Rodwell,13.0,40.7,41.3,52.1,True,,,
100437,1H,3,21,pass,short_or_medium_pass,Melbourne Victory,Brimmer,40.5,61.2,63.4,56.6,True,,,
100827,1H,3,27,touch,,Melbourne Victory,Chiba,10.5,20.0,,,,,,
100204,1H,3,31,pass,short_or_medium_pass,Sydney FC,Lolley,49.7,34.0,67.0,85.4,True,,,
100293,1H,3,49,pass,progressive_pass,Sydney FC,Burgess,40.2,54.4,60.6,58.1,True,,,
100268,1H,3,50,pass,short_or_medium_pass,Sydney FC,Brattan,66.3,85.0,26.0,70.5,True,,,
100250,1H,4,12,pass,short_or_medium_pass,Sydney FC,Segecic,77.5,22.5,77.2,49.3,True,,,
100499,1H,4,12,pass,progressive_pass,Melbourne Victory,Neyder,33.2,78.3,50.8,79.6,True,,,
100080,1H,4,16,pass,short_or_medium_pass,Sydney FC,Rodwell,23.7,34.0,27.7,8.5,True,,,
100039,1H,4,18,pass,short_or_medium_pass,Sydney FC,Redmayne,1.0,51.5,53.1,62.1,True,,,
100738,1H,4,20,touch,,Melbourne Victory,Vidosic,70.1,73.3,,,,,,
100875,1H,4,26,touch,,Melbourne Victory,Bacus,64.2,71.5,,,,,,
100447,1H,4,39,pass,short_or_medium_pass,Melbourne Victory,Rojas,61.2,25.1,22.9,17.3,True,,,
100581,1H,4,42,touch,,Sydney FC,Rodwell,39.7,59.0,,,,,,
100585,1H,4,47,touch,,Sydney FC,Lolley,37.5,36.3,,,,,,
100610,1H,5,1,touch,,Sydney FC,Teague,76.0,82.5,,,,,,
100638,1H,5,6,touch,,Sydney FC,Segecic,1.0,30.7,,,,,,
100446,1H,5,8,pass,short_or_medium_pass,Melbourne Victory,Rojas,45.1,22.2,8.2,56.8,True,,,
100666,1H,5,9,touch,,Sydney FC,Kucharski,69.2,12.8,,,,,,
100070,1H,5,17,pass,short_or_medium_pass,Sydney FC,Rodwell,16.8,29.1,4.7,48.7,True,,,
100091,1H,5,22,pass,short_or_medium_pass,Sydney FC,Rodwell,5.2,44.1,30.4,82.7,True,,,
100050,1H,5,39,pass,short_or_medium_pass,Sydney FC,Grant,23.1,11.2,18.7,37.4,True,,,
100892,1H,5,47,touch,,Melbourne Victory,Bacus,54.9,89.9,,,,,,
100748,1H,5,49,touch,,Melbourne Victory,Roderick,42.9,66.1,,,,,,
100377,1H,6,1,pass,short_or_medium_pass,Melbourne Victory,Roderick,17.4,65.6,54.3,12.1,True,,,
100777,1H,6,10,touch,,Melbourne Victory,Brimmer,39.1,57.6,,,,,,
100044,1H,6,31,pass,short_or_medium_pass,Sydney FC,Grant,38.6,18.4,3.2,41.3,True,,,
100177,1H,6,47,pass,short_or_medium_pass,Sydney FC,Caceres,37.8,38.8,72.8,43.5,True,,,
100705,1H,6,53,touch,,Sydney FC,Lolley,32.0,61.4,,,,,,
100817,1H,6,59,touch,,Melbourne Victory,Vidosic,61.3,65.2,,,,,,
100716,1H,7,1,touch,,Sydney FC,Redmayne,39.8,89.6,,,,,,
100661,1H,7,3,touch,,Sydney FC,Girdwood-Reich,48.6,77.7,,,,,,
100692,1H,7,4,touch,,Sydney FC,Girdwood-Reich,22.1,50.0,,,,,,
100064,1H,7,9,pass,short_or_medium_pass,Sydney FC,Grant,20.4,22.8,53.0,19.5,True,,,
100084,1H,7,12,pass,short_or_medium_pass,Sydney FC,Rodwell,21.8,47.8,21.8,19.0,True,,,
100483,1H,7,24,pass,short_or_medium_pass,Melbourne Victory,Kalifa,60.5,80.2,61.8,46.9,True,,,
100500,1H,7,27,pass,progressive_pass,Melbourne Victory,Arslan,35.7,24.1,55.2,17.7,True,,,
100439,1H,7,38,pass,short_or_medium_pass,Melbourne Victory,Brimmer,51.5,63.4,68.9,76.6,True,,,
100324,1H,7,43,pass,short_or_medium_pass,Melbourne Victory,Izzo,1.0,47.7,25.8,36.3,True,,,
100049,1H,7,48,pass,short_or_medium_pass,Sydney FC,Grant,30.9,24.1,21.3,33.8,True,,,
100137,1H,7,49,pass,short_or_medium_pass,Sydney FC,Girdwood-Reich,25.5,78.1,48.6,43.1,True,,,
100416,1H,7,49,pass,short_or_medium_pass,Melbourne Victory,Arslan,37.9,36.9,77.3,42.1,True,,,
100840,1H,7,55,touch,,Melbourne Victory,Arslan,33.5,56.8,,,,,,
100201,1H,7,59,pass,short_or_medium_pass,Sydney FC,Lolley,68.9,18.1,94.9,59.5,True,,,
100673,1H,8,3,touch,,Sydney FC,Burgess,99.0,1.0,,,,,,
100909,1H,8,3,touch,,Melbourne Victory,Roderick,78.3,84.5,,,,,,
100735,1H,8,20,touch,,Sydney FC,Redmayne,31.9,35.8,,,,,,
100728,1H,8,24,touch,,Sydney FC,Brattan,47.0,56.6,,,,,,
100516,1H,8,30,pass,progressive_pass,Melbourne Victory,Neyder,29.5,73.4,57.4,59.3,False,,,
100312,1H,8,36,pass,progressive_pass,Sydney FC,Caceres,32.6,53.1,48.9,45.3,True,,,
100345,1H,8,38,pass,short_or_medium_pass,Melbourne Victory,Vidosic,31.1,11.1,34.4,34.9,True,,,
100072,1H,8,46,pass,short_or_medium_pass,Sydney FC,Rodwell,26.3,44.3,3.7,54.4,True,,,
100715,1H,8,47,touch,,Sydney FC,Burgess,38.8,43.1,,,,,,
100048,1H,8,49,pass,short_or_medium_pass,Sydney FC,Grant,30.8,14.5,25.5,41.3,True,,,
100045,1H,8,50,pass,short_or_medium_pass,Sydney FC,Grant,41.4,13.1,2.1,53.6,True,,,
100139,1H,8,52,pass,short_or_medium_pass,Sydney FC,Girdwood-Reich,32.9,73.2,45.5,40.0,True,,,
100544,1H,8,56,touch,,Sydney FC,Teague,86.4,32.0,,,,,,
100385,1H,9,1,pass,short_or_medium_pass,Melbourne Victory,Neyder,23.4,82.3,19.2,57.8,True,,,
100582,1H,9,9,touch,,Sydney FC,Redmayne,9.7,67.6,,,,,,
100532,1H,9,10,touch,,Sydney FC,Caceres,1.0,36.9,,,,,,
100036,1H,9,17,pass,short_or_medium_pass,Sydney FC,Redmayne,4.9,53.8,51.6,60.7,True,,,
100115,1H,9,34,pass,short_or_medium_pass,Sydney FC,Burgess,26.3,71.8,22.6,88.1,True,,,
100182,1H,9,37,pass,short_or_medium_pass,Sydney FC,Caceres,54.9,55.7,72.2,84.0,True,,,
100894,1H,9,48,touch,,Melbourne Victory,Izzo,40.7,65.2,,,,,,
100410,1H,9,52,pass,short_or_medium_pass,Melbourne Victory,Arslan,47.0,43.0,60.3,12.0,True,,,
100797,1H,10,3,touch,,Melbourne Victory,Arslan,28.1,2.8,,,,,,
100127,1H,10,9,pass,short_or_medium_pass,Sydney FC,Girdwood-Reich,22.3,81.2,20.4,24.7,True,,,
100832,1H,10,12,touch,,Melbourne Victory,Rojas,93.8,57.3,,,,,,
100169,1H,10,15,pass,short_or_medium_pass,Sydney FC,Caceres,44.5,49.2,54.9,22.9,True,,,
100687,1H,10,17,touch,,Sydney FC,Grant,23.9,11.8,,,,,,
100344,1H,10,24,pass,short_or_medium_pass,Melbourne Victory,Vidosic,14.7,22.7,21.4,90.6,True,,,
100769,1H,10,30,touch,,Melbourne Victory,Arslan,56.0,52.5,,,,,,
100126,1H,10,32,pass,short_or_medium_pass,Sydney FC,Girdwood-Reich,30.6,91.6,32.4,23.0,True,,,
100904,1H,10,37,touch,,Melbourne Victory,Bacus,8.1,77.9,,,,,,
100764,1H,11,2,touch,,Melbourne Victory,Brimmer,92.1,18.6,,,,,,
100521,1H,11,17,touch,,Sydney FC,Grant,49.0,99.0,,,,,,
100073,1H,11,19,pass,short_or_medium_pass,Sydney FC,Rodwell,26.8,34.3,9.6,57.6,True,,,
100290,1H,11,26,pass,progressive_pass,Sydney FC,Caceres,40.3,52.7,66.0,52.7,False,,,
100326,1H,11,29,pass,short_or_medium_pass,Melbourne Victory,Izzo,13.3,52.0,19.3,31.5,True,,,
100655,1H,11,29,touch,,Sydney FC,Brattan,41.4,29.4,,,,,,
100228,1H,11,32,pass,short_or_medium_pass,Sydney FC,Kucharski,63.4,81.4,89.2,47.4,True,,,
100313,1H,11,34,pass,progressive_pass,Sydney FC,Burgess,10.0,43.5,34.5,36.7,True,,,
100813,1H,11,39,touch,,Melbourne Victory,Rojas,14.1,96.3,,,,,,
100611,1H,11,46,touch,,Sydney FC,Rodwell,22.3,42.8,,,,,,
100419,1H,11,54,pass,short_or_medium_pass,Melbourne Victory,Brimmer,36.4,62.0,11.8,39.4,True,,,
100285,1H,12,1,pass,progressive_pass,Sydney FC,Caceres,35.8,48.3,58.3,40.0,False,,,
100863,1H,12,1,touch,,Melbourne Victory,Geria,23.5,18.7,,,,,,
100089,1H,12,3,pass,short_or_medium_pass,Sydney FC,Rodwell,24.0,45.8,25.2,59.9,True,,,
100047,1H,12,4,pass,short_or_medium_pass,Sydney FC,Grant,31.5,15.5,24.0,25.2,True,,,
100459,1H,12,21,pass,short_or_medium_pass,Melbourne Victory,Bacus,53.5,52.8,37.3,37.5,True,,,
100277,1H,12,28,pass,short_or_medium_pass,Sydney FC,Brattan,70.6,82.5,84.0,55.0,True,,,
100734,1H,12,43,touch,,Sydney FC,Girdwood-Reich,56.6,11.6,,,,,,
100567,1H,12,57,touch,,Sydney FC,Lolley,76.7,1.6,,,,,,
100405,1H,13,2,pass,short_or_medium_pass,Melbourne Victory,Arslan,43.3,30.6,41.9,62.6,True,,,
100891,1H,13,7,touch,,Melbourne Victory,Kalifa,13.3,52.6,,,,,,
100001,1H,13,8,shot,,Sydney FC,Caceres,85.7,51.3,,,,0.13,False,False
100359,1H,13,30,pass,short_or_medium_pass,Melbourne Victory,Geria,13.8,33.4,27.0,20.1,True,,,
100463,1H,13,41,pass,short_or_medium_pass,Melbourne Victory,Bacus,64.5,50.3,56.6,53.7,True,,,
100467,1H,13,41,pass,short_or_medium_pass,Melbourne Victory,Bacus,53.5,40.7,72.6,80.8,True,,,
100247,1H,13,42,pass,short_or_medium_pass,Sydney FC,Segecic,80.2,20.4,36.3,70.6,True,,,
100506,1H,13,42,pass,progressive_pass,Melbourne Victory,Bacus,56.1,61.2,79.0,46.9,True,,,
100741,1H,13,46,touch,,Melbourne Victory,Chiba,1.0,54.5,,,,,,
100462,1H,13,48,pass,short_or_medium_pass,Melbourne Victory,Bacus,56.8,40.2,44.5,56.1,True,,,
100599,1H,13,50,touch,,Sydney FC,Grant,60.8,67.8,,,,,,
100626,1H,13,55,touch,,Sydney FC,Kucharski,49.0,41.0,,,,,,
100881,1H,13,58,touch,,Melbourne Victory,Bacus,25.1,87.7,,,,,,
100434,1H,14,6,pass,short_or_medium_pass,Melbourne Victory,Brimmer,43.8,52.8,49.8,14.3,True,,,
100273,1H,14,8,pass,short_or_medium_pass,Sydney FC,Brattan,64.8,83.6,63.3,83.8,True,,,
100606,1H,14,12,touch,,Sydney FC,Brattan,76.6,52.3,,,,,,
100113,1H,14,14,pass,short_or_medium_pass,Sydney FC,Burgess,20.8,65.4,10.7,37.9,True,,,
100684,1H,14,19,touch,,Sydney FC,Teague,38.3,45.5,,,,,,
100303,1H,14,23,pass,progressive_pass,Sydney FC,Burgess,27.6,58.8,59.4,80.1,True,,,
100242,1H,14,32,pass,short_or_medium_pass,Sydney FC,Segecic,72.9,25.8,57.8,20.1,True,,,
100259,1H,14,33,pass,short_or_medium_pass,Sydney FC,Teague,72.5,34.0,71.7,24.6,True,,,
100192,1H,14,35,pass,short_or_medium_pass,Sydney FC,Lolley,45.7,25.1,44.6,66.0,True,,,
100471,1H,14,35,pass,short_or_medium_pass,Melbourne Victory,Kalifa,63.6,78.9,19.3,93.2,True,,,
100847,1H,14,49,touch,,Melbourne Victory,Roderick,60.2,35.6,,,,,,
100721,1H,14,53,touch,,Sydney FC,Grant,59.1,89.3,,,,,,
100076,1H,15,3,pass,short_or_medium_pass,Sydney FC,Rodwell,19.4,26.6,1.9,51.6,True,,,
100774,1H,15,5,touch,,Melbourne Victory,Bacus,1.0,90.4,,,,,,
100002,1H,15,7,shot,,Sydney FC,Kucharski,89.8,74.2,,,,0.1,False,False
100112,1H,15,7,pass,short_or_medium_pass,Sydney FC,Burgess,19.8,60.1,28.5,48.1,True,,,
100068,1H,15,14,pass,short_or_medium_pass,Sydney FC,Grant,36.0,17.8,86.6,48.4,True,,,
100411,1H,15,26,pass,short_or_medium_pass,Melbourne Victory,Arslan,39.4,44.7,59.3,28.1,True,,,
100043,1H,15,45,pass,short_or_medium_pass,Sydney FC,Redmayne,13.2,48.9,64.4,88.0,True,,,
100578,1H,15,47,touch,,Sydney FC,Rodwell,48.2,87.1,,,,,,
100386,1H,15,49,pass,short_or_medium_pass,Melbourne Victory,Neyder,25.5,85.5,18.7,72.1,True,,,
100350,1H,15,51,pass,short_or_medium_pass,Melbourne Victory,Vidosic,25.8,20.1,66.6,78.2,True,,,
100641,1H,15,54,touch,,Sydney FC,Lolley,71.5,10.6,,,,,,
100736,1H,15,54,touch,,Melbourne Victory,Chiba,18.8,22.9,,,,,,
100197,1H,15,55,pass,short_or_medium_pass,Sydney FC,Lolley,59.7,28.8,76.6,26.0,True,,,
100759,1H,16,8,touch,,Melbourne Victory,Neyder,59.7,65.3,,,,,,
100536,1H,16,9,touch,,Sydney FC,Caceres,17.9,75.7,,,,,,
100392,1H,16,10,pass,short_or_medium_pass,Melbourne Victory,Neyder,23.5,87.1,34.0,57.0,True,,,
100138,1H,16,12,pass,short_or_medium_pass,Sydney FC,Girdwood-Reich,30.5,71.9,48.7,59.3,True,,,
100371,1H,16,15,pass,short_or_medium_pass,Melbourne Victory,Roderick,28.4,55.1,18.0,40.3,True,,,
100141,1H,16,27,pass,short_or_medium_pass,Sydney FC,Girdwood-Reich,32.0,84.7,42.1,53.7,True,,,
100825,1H,16,33,touch,,Melbourne Victory,Arslan,17.7,41.3,,,,,,
100469,1H,16,41,pass,short_or_medium_pass,Melbourne Victory,Bacus,55.7,48.8,68.9,56.0,True,,,
100602,1H,16,49,touch,,Sydney FC,Girdwood-Reich,13.9,41.3,,,,,,
100830,1H,16,57,touch,,Melbourne Victory,Roderick,7.6,79.8,,,,,,
100561,1H,17,7,touch,,Sydney FC,Brattan,47.5,99.0,,,,,,
100843,1H,17,7,touch,,Melbourne Victory,Kalifa,23.3,92.7,,,,,,
100631,1H,17,14,touch,,Sydney FC,Teague,59.6,14.1,,,,,,
100451,1H,17,16,pass,short_or_medium_pass,Melbourne Victory,Rojas,66.1,15.8,31.7,72.7,True,,,
100455,1H,17,26,pass,short_or_medium_pass,Melbourne Victory,Bacus,55.6,51.0,15.8,62.0,True,,,
100794,1H,17,31,touch,,Melbourne Victory,Kalifa,24.4,90.2,,,,,,
100708,1H,17,34,touch,,Sydney FC,Kucharski,81.7,58.3,,,,,,
100473,1H,17,38,pass,short_or_medium_pass,Melbourne Victory,Kalifa,62.3,73.1,28.7,90.7,True,,,
100074,1H,17,43,pass,short_or_medium_pass,Sydney FC,Rodwell,18.6,47.3,1.0,53.0,True,,,
100145,1H,18,1,pass,short_or_medium_pass,Sydney FC,Girdwood-Reich,32.4,75.6,45.6,78.8,True,,,
100898,1H,18,5,touch,,Melbourne Victory,Rojas,2.3,40.5,,,,,,
100210,1H,18,14,pass,short_or_medium_pass,Sydney FC,Kucharski,59.7,77.2,29.3,66.4,True,,,
100369,1H,18,19,pass,short_or_medium_pass,Melbourne Victory,Roderick,12.6,55.5,1.8,60.7,True,,,
100644,1H,18,20,touch,,Sydney FC,Lolley,60.0,72.6,,,,,,
100390,1H,18,59,pass,short_or_medium_pass,Melbourne Victory,Neyder,28.6,91.4,45.7,59.6,True,,,
100287,1H,19,5,pass,progressive_pass,Sydney FC,Burgess,22.3,53.5,55.5,52.2,True,,,
100648,1H,19,12,touch,,Sydney FC,Burgess,10.6,4.6,,,,,,
100140,1H,19,18,pass,short_or_medium_pass,Sydney FC,Girdwood-Reich,16.3,68.2,46.4,63.7,True,,,
100498,1H,19,18,pass,progressive_pass,Melbourne Victory,Arslan,54.2,46.9,87.1,80.5,False,,,
100445,1H,19,41,pass,short_or_medium_pass,Melbourne Victory,Brimmer,47.2,62.6,80.0,55.0,True,,,
100026,1H,19,43,pass,short_or_medium_pass,Sydney FC,Redmayne,8.4,46.0,10.5,33.1,True,,,
100030,1H,19,44,pass,short_or_medium_pass,Sydney FC,Redmayne,12.6,42.3,18.0,33.0,True,,,
100689,1H,19,50,touch,,Sydney FC,Grant,2.7,63.8,,,,,,
100260,1H,19,52,pass,short_or_medium_pass,Sydney FC,Teague,80.7,47.9,69.2,78.3,True,,,
100164,1H,19,58,pass,short_or_medium_pass,Sydney FC,Caceres,40.7,46.4,34.0,79.7,True,,,
100525,1H,19,58,touch,,Sydney FC,Grant,1.0,90.9,,,,,,
100179,1H,20,1,pass,short_or_medium_pass,Sydney FC,Caceres,36.5,57.4,87.0,43.1,True,,,
100859,1H,20,6,touch,,Melbourne Victory,Neyder,25.4,60.1,,,,,,
100801,1H,20,10,touch,,Melbourne Victory,Arslan,56.6,10.5,,,,,,
100176,1H,20,33,pass,short_or_medium_pass,Sydney FC,Caceres,39.6,53.0,74.0,24.1,True,,,
100415,1H,20,34,pass,short_or_medium_pass,Melbourne Victory,Arslan,41.8,49.1,84.2,54.8,True,,,
100443,1H,20,34,pass,short_or_medium_pass,Melbourne Victory,Brimmer,37.9,66.7,77.0,48.1,True,,,
100069,1H,20,39,pass,short_or_medium_pass,Sydney FC,Grant,26.9,20.7,70.4,81.8,True,,,
100155,1H,20,47,pass,short_or_medium_pass,Sydney FC,Caceres,49.1,43.4,31.2,10.8,True,,,
100442,1H,21,9,pass,short_or_medium_pass,Melbourne Victory,Brimmer,57.0,65.7,81.6,51.0,True,,,
100170,1H,21,38,pass,short_or_medium_pass,Sydney FC,Caceres,49.2,44.4,52.8,68.4,True,,,
100823,1H,21,46,touch,,Melbourne Victory,Arslan,73.1,48.1,,,,,,
100110,1H,21,49,pass,short_or_medium_pass,Sydney FC,Burgess,19.9,67.6,11.7,35.4,True,,,
100286,1H,21,51,pass,progressive_pass,Sydney FC,Girdwood-Reich,29.3,82.0,59.0,77.6,True,,,
100897,1H,22,6,touch,,Melbourne Victory,Bacus,1.0,27.5,,,,,,
100839,1H,22,9,touch,,Melbourne Victory,Neyder,18.4,53.0,,,,,,
100526,1H,22,13,touch,,Sydney FC,Kucharski,17.1,83.7,,,,,,
100368,1H,22,18,pass,short_or_medium_pass,Melbourne Victory,Roderick,18.2,70.3,12.5,39.7,True,,,
100562,1H,22,23,touch,,Sydney FC,Teague,70.7,13.4,,,,,,
100284,1H,22,27,pass,progressive_pass,Sydney FC,Rodwell,23.4,45.5,50.1,31.6,True,,,
100758,1H,22,29,touch,,Melbourne Victory,Roderick,58.5,94.2,,,,,,
100230,1H,22,40,pass,short_or_medium_pass,Sydney FC,Kucharski,56.2,72.1,80.5,49.9,True,,,
100027,1H,22,41,pass,short_or_medium_pass,Sydney FC,Redmayne,1.0,41.0,22.2,43.4,True,,,
100704,1H,22,41,touch,,Sydney FC,Segecic,15.6,44.7,,,,,,
100890,1H,22,43,touch,,Melbourne Victory,Kalifa,1.0,43.9,,,,,,
100819,1H,22,57,touch,,Melbourne Victory,Bacus,50.9,53.0,,,,,,
100265,1H,23,39,pass,short_or_medium_pass,Sydney FC,Teague,72.7,49.7,75.1,82.9,True,,,
100618,1H,23,39,touch,,Sydney FC,Burgess,1.0,53.1,,,,,,
100181,1H,23,40,pass,short_or_medium_pass,Sydney FC,Caceres,51.2,41.7,70.7,71.7,True,,,
100314,1H,23,44,pass,progressive_pass,Sydney FC,Rodwell,21.5,45.2,42.1,27.5,False,,,
100322,1H,23,50,pass,short_or_medium_pass,Melbourne Victory,Izzo,1.0,63.3,14.2,41.7,True,,,
100583,1H,23,56,touch,,Sydney FC,Caceres,19.2,31.7,,,,,,
100107,1H,24,9,pass,short_or_medium_pass,Sydney FC,Burgess,21.5,52.0,10.5,63.0,True,,,
100274,1H,24,17,pass,short_or_medium_pass,Sydney FC,Brattan,72.7,88.6,63.6,74.0,True,,,
100111,1H,24,19,pass,short_or_medium_pass,Sydney FC,Burgess,28.3,70.1,19.3,33.6,True,,,
100412,1H,24,19,pass,short_or_medium_pass,Melbourne Victory,Arslan,35.0,22.7,54.5,12.6,True,,,
100296,1H,24,20,pass,progressive_pass,Sydney FC,Girdwood-Reich,32.4,63.8,57.0,95.0,True,,,
100724,1H,24,21,touch,,Sydney FC,Brattan,35.9,56.6,,,,,,
100713,1H,24,23,touch,,Sydney FC,Caceres,50.1,73.5,,,,,,
100668,1H,24,37,touch,,Sydney FC,Girdwood-Reich,19.9,62.2,,,,,,
100223,1H,24,43,pass,short_or_medium_pass,Sydney FC,Kucharski,57.4,72.3,32.7,30.4,True,,,
100658,1H,24,45,touch,,Sydney FC,Redmayne,76.0,80.1,,,,,,
100003,1H,24,47,shot,,Sydney FC,Brattan,80.3,49.2,,,,0.13,False,True
100485,1H,25,6,pass,short_or_medium_pass,Melbourne Victory,Kalifa,65.9,76.5,77.2,57.0,True,,,
100128,1H,25,10,pass,short_or_medium_pass,Sydney FC,Girdwood-Reich,26.9,86.9,16.3,32.5,True,,,
100719,1H,25,12,touch,,Sydney FC,Kucharski,88.0,8.6,,,,,,
100051,1H,25,17,pass,short_or_medium_pass,Sydney FC,Grant,24.0,6.5,21.6,39.4,True,,,
100330,1H,25,19,pass,short_or_medium_pass,Melbourne Victory,Izzo,3.2,43.8,18.2,59.2,True,,,
100727,1H,25,31,touch,,Sydney FC,Redmayne,49.0,32.6,,,,,,
100824,1H,25,39,touch,,Melbourne Victory,Arslan,66.7,64.3,,,,,,
100570,1H,25,43,touch,,Sydney FC,Kucharski,24.4,40.1,,,,,,
100189,1H,25,45,pass,short_or_medium_pass,Sydney FC,Lolley,59.0,41.5,23.6,44.3,True,,,
100688,1H,25,45,touch,,Sydney FC,Burgess,29.7,47.9,,,,,,
100028,1H,25,51,pass,short_or_medium_pass,Sydney FC,Redmayne,1.5,52.3,26.3,36.2,True,,,
100227,1H,25,58,pass,short_or_medium_pass,Sydney FC,Kucharski,63.6,71.7,80.3,16.8,True,,,
100120,1H,26,6,pass,short_or_medium_pass,Sydney FC,Burgess,18.4,60.1,62.2,73.3,True,,,
100234,1H,26,10,pass,short_or_medium_pass,Sydney FC,Kucharski,44.2,83.1,63.5,78.0,True,,,
100407,1H,26,15,pass,short_or_medium_pass,Melbourne Victory,Arslan,37.5,37.2,30.9,71.3,True,,,
100315,1H,26,28,pass,short_or_medium_pass,Melbourne Victory,Izzo,1.3,39.3,28.6,21.6,True,,,
100625,1H,26,28,touch,,Sydney FC,Teague,55.5,45.7,,,,,,
100880,1H,26,36,touch,,Melbourne Victory,Chiba,54.7,47.0,,,,,,
100620,1H,26,45,touch,,Sydney FC,Rodwell,29.1,91.0,,,,,,
100258,1H,26,49,pass,short_or_medium_pass,Sydney FC,Teague,84.8,55.4,63.4,82.4,True,,,
100763,1H,26,51,touch,,Melbourne Victory,Kalifa,77.5,53.0,,,,,,
100577,1H,26,57,touch,,Sydney FC,Rodwell,62.7,16.4,,,,,,
100212,1H,26,58,pass,short_or_medium_pass,Sydney FC,Kucharski,63.7,79.9,32.5,83.0,True,,,
100057,1H,27,8,pass,short_or_medium_pass,Sydney FC,Grant,25.0,15.0,24.3,62.1,True,,,
100505,1H,27,21,pass,progressive_pass,Melbourne Victory,Vidosic,10.0,14.2,30.0,8.6,True,,,
100406,1H,27,24,pass,short_or_medium_pass,Melbourne Victory,Arslan,35.9,41.9,35.8,65.1,True,,,
100690,1H,27,31,touch,,Sydney FC,Segecic,59.1,8.6,,,,,,
100325,1H,27,37,pass,short_or_medium_pass,Melbourne Victory,Izzo,15.9,57.6,28.6,45.4,True,,,
100332,1H,27,53,pass,short_or_medium_pass,Melbourne Victory,Izzo,3.1,41.2,26.1,64.7,True,,,
100033,1H,28,1,pass,short_or_medium_pass,Sydney FC,Redmayne,9.6,39.4,24.1,60.5,True,,,
100154,1H,28,22,pass,short_or_medium_pass,Sydney FC,Caceres,34.8,56.8,34.7,13.4,True,,,
100778,1H,28,26,touch,,Melbourne Victory,Brimmer,34.5,78.8,,,,,,
100255,1H,28,31,pass,short_or_medium_pass,Sydney FC,Teague,72.8,49.5,53.7,14.4,True,,,
100554,1H,28,34,touch,,Sydney FC,Brattan,71.8,46.4,,,,,,
100147,1H,28,38,pass,short_or_medium_pass,Sydney FC,Girdwood-Reich,20.9,83.3,53.9,79.2,True,,,
100514,1H,28,55,pass,progressive_pass,Melbourne Victory,Roderick,26.8,47.8,44.4,49.0,True,,,
100453,1H,28,56,pass,short_or_medium_pass,Melbourne Victory,Rojas,69.3,29.8,80.0,53.4,True,,,
100450,1H,29,5,pass,short_or_medium_pass,Melbourne Victory,Rojas,60.0,27.9,32.1,41.0,True,,,
100133,1H,29,9,pass,short_or_medium_pass,Sydney FC,Girdwood-Reich,26.9,87.6,24.9,62.9,True,,,
100125,1H,29,12,pass,short_or_medium_pass,Sydney FC,Girdwood-Reich,19.5,92.6,21.3,17.0,True,,,
100829,1H,29,12,touch,,Melbourne Victory,Vidosic,55.2,9.0,,,,,,
100423,1H,29,21,pass,short_or_medium_pass,Melbourne Victory,Brimmer,48.0,63.2,32.9,91.6,True,,,
100810,1H,29,31,touch,,Melbourne Victory,Arslan,61.8,71.8,,,,,,
100882,1H,29,35,touch,,Melbourne Victory,Roderick,8.0,4.7,,,,,,
100837,1H,29,40,touch,,Melbourne Victory,Izzo,57.9,62.6,,,,,,
100857,1H,29,48,touch,,Melbourne Victory,Kalifa,59.9,72.7,,,,,,
100086,1H,29,51,pass,short_or_medium_pass,Sydney FC,Rodwell,22.8,33.5,23.3,77.8,True,,,
100811,1H,29,57,touch,,Melbourne Victory,Geria,32.3,30.2,,,,,,
100861,1H,29,57,touch,,Melbourne Victory,Izzo,21.4,61.7,,,,,,
100753,1H,30,2,touch,,Melbourne Victory,Chiba,58.3,68.5,,,,,,
100213,1H,30,7,pass,short_or_medium_pass,Sydney FC,Kucharski,58.3,71.1,35.2,87.0,True,,,
100194,1H,30,8,pass,short_or_medium_pass,Sydney FC,Lolley,64.8,31.6,75.4,20.5,True,,,
100105,1H,30,13,pass,short_or_medium_pass,Sydney FC,Burgess,20.3,67.7,6.7,41.1,True,,,
100468,1H,30,21,pass,short_or_medium_pass,Melbourne Victory,Bacus,54.2,49.9,60.8,69.5,True,,,
100461,1H,30,26,pass,short_or_medium_pass,Melbourne Victory,Bacus,62.0,50.9,40.6,59.7,True,,,
100642,1H,30,31,touch,,Sydney FC,Teague,74.6,85.0,,,,,,
100899,1H,30,36,touch,,Melbourne Victory,Rojas,46.8,88.1,,,,,,
100243,1H,30,52,pass,short_or_medium_pass,Sydney FC,Segecic,70.1,21.1,49.0,24.9,True,,,
100785,1H,30,59,touch,,Melbourne Victory,Rojas,53.0,3.1,,,,,,
100200,1H,31,7,pass,short_or_medium_pass,Sydney FC,Lolley,50.4,13.5,77.5,48.4,True,,,
100850,1H,31,19,touch,,Melbourne Victory,Chiba,40.3,97.9,,,,,,
100004,1H,31,29,shot,goal,Sydney FC,Teague,91.5,46.0,,,,0.34,True,True
100175,1H,31,39,pass,short_or_medium_pass,Sydney FC,Caceres,45.1,57.2,68.6,28.2,True,,,
100202,1H,31,41,pass,short_or_medium_pass,Sydney FC,Lolley,58.3,40.6,73.6,77.2,True,,,
100696,1H,31,42,touch,,Sydney FC,Teague,60.7,14.6,,,,,,
100031,1H,31,49,pass,short_or_medium_pass,Sydney FC,Redmayne,6.8,53.2,17.6,70.3,True,,,
100100,1H,31,53,pass,short_or_medium_pass,Sydney FC,Burgess,7.8,64.6,2.8,52.6,True,,,
100750,1H,31,58,touch,,Melbourne Victory,Neyder,21.3,40.3,,,,,,
100402,1H,32,0,pass,short_or_medium_pass,Melbourne Victory,Arslan,47.4,40.8,14.3,42.9,True,,,
100208,1H,32,5,pass,short_or_medium_pass,Sydney FC,Kucharski,60.9,76.5,16.5,38.6,True,,,
100842,1H,32,8,touch,,Melbourne Victory,Vidosic,44.9,46.1,,,,,,
100852,1H,32,23,touch,,Melbourne Victory,Vidosic,25.8,1.0,,,,,,
100158,1H,32,39,pass,short_or_medium_pass,Sydney FC,Caceres,42.1,43.2,30.3,48.0,True,,,
100867,1H,32,41,touch,,Melbourne Victory,Izzo,27.3,81.4,,,,,,
100264,1H,32,45,pass,short_or_medium_pass,Sydney FC,Teague,65.2,48.4,74.8,70.9,True,,,
100845,1H,32,47,touch,,Melbourne Victory,Izzo,75.4,28.2,,,,,,
100490,1H,32,52,pass,short_or_medium_pass,Melbourne Victory,Chiba,61.8,57.7,58.7,21.1,True,,,
100486,1H,32,56,pass,short_or_medium_pass,Melbourne Victory,Kalifa,65.0,97.7,67.6,59.7,True,,,
100214,1H,33,9,pass,short_or_medium_pass,Sydney FC,Kucharski,62.7,70.5,47.6,40.9,True,,,
100682,1H,33,16,touch,,Sydney FC,Grant,33.9,90.8,,,,,,
100085,1H,33,19,pass,short_or_medium_pass,Sydney FC,Rodwell,17.4,32.6,21.8,61.7,True,,,
100792,1H,33,21,touch,,Melbourne Victory,Brimmer,5.0,81.5,,,,,,
100614,1H,34,7,touch,,Sydney FC,Girdwood-Reich,79.0,78.3,,,,,,
100675,1H,34,7,touch,,Sydney FC,Kucharski,31.2,99.0,,,,,,
100061,1H,34,15,pass,short_or_medium_pass,Sydney FC,Grant,36.7,8.9,46.9,53.3,True,,,
100720,1H,34,24,touch,,Sydney FC,Girdwood-Reich,78.2,52.7,,,,,,
100646,1H,34,25,touch,,Sydney FC,Lolley,36.2,74.0,,,,,,
100568,1H,34,28,touch,,Sydney FC,Segecic,53.9,22.1,,,,,,
100630,1H,34,32,touch,,Sydney FC,Segecic,1.0,58.6,,,,,,
100494,1H,34,34,pass,short_or_medium_pass,Melbourne Victory,Chiba,73.1,51.2,52.9,35.4,True,,,
100418,1H,34,53,pass,short_or_medium_pass,Melbourne Victory,Brimmer,48.1,50.6,19.1,17.8,True,,,
100343,1H,34,54,pass,short_or_medium_pass,Melbourne Victory,Vidosic,26.1,10.8,27.1,57.7,True,,,
100790,1H,34,55,touch,,Melbourne Victory,Roderick,51.3,87.2,,,,,,
100755,1H,35,7,touch,,Melbourne Victory,Rojas,14.4,65.4,,,,,,
100760,1H,35,19,touch,,Melbourne Victory,Roderick,50.5,47.9,,,,,,
100222,1H,35,29,pass,short_or_medium_pass,Sydney FC,Kucharski,49.0,69.9,47.2,53.4,True,,,
100802,1H,35,36,touch,,Melbourne Victory,Roderick,25.4,72.5,,,,,,
100310,1H,35,53,pass,progressive_pass,Sydney FC,Burgess,10.0,62.4,39.6,78.8,False,,,
100316,1H,35,53,pass,short_or_medium_pass,Melbourne Victory,Izzo,3.4,48.2,23.1,14.8,True,,,
100511,1H,35,56,pass,progressive_pass,Melbourne Victory,Neyder,15.7,79.0,30.7,65.9,False,,,
100417,1H,36,0,pass,short_or_medium_pass,Melbourne Victory,Brimmer,37.6,65.6,23.5,6.2,True,,,
100246,1H,36,5,pass,short_or_medium_pass,Sydney FC,Segecic,76.4,21.8,49.8,24.1,True,,,
100484,1H,36,5,pass,short_or_medium_pass,Melbourne Victory,Kalifa,64.7,81.1,64.3,55.5,True,,,
100650,1H,36,10,touch,,Sydney FC,Grant,35.9,59.2,,,,,,
100159,1H,36,21,pass,short_or_medium_pass,Sydney FC,Caceres,38.7,50.1,17.9,36.1,True,,,
100844,1H,36,21,touch,,Melbourne Victory,Roderick,80.1,68.4,,,,,,
100594,1H,36,23,touch,,Sydney FC,Burgess,16.0,39.3,,,,,,
100221,1H,36,26,pass,short_or_medium_pass,Sydney FC,Kucharski,55.5,71.6,57.6,48.4,True,,,
100166,1H,36,30,pass,short_or_medium_pass,Sydney FC,Caceres,35.5,52.7,31.0,89.8,True,,,
100351,1H,36,32,pass,short_or_medium_pass,Melbourne Victory,Geria,30.6,37.7,10.8,50.3,True,,,
100548,1H,36,32,touch,,Sydney FC,Brattan,1.0,17.6,,,,,,
100168,1H,36,42,pass,short_or_medium_pass,Sydney FC,Caceres,40.6,48.1,67.3,31.9,True,,,
100733,1H,36,42,touch,,Sydney FC,Rodwell,74.3,90.1,,,,,,
100474,1H,36,48,pass,short_or_medium_pass,Melbourne Victory,Kalifa,72.4,83.2,44.6,48.4,True,,,
100256,1H,36,49,pass,short_or_medium_pass,Sydney FC,Teague,75.2,58.0,49.7,82.2,True,,,
100575,1H,36,49,touch,,Sydney FC,Lolley,1.0,68.1,,,,,,
100365,1H,36,50,pass,short_or_medium_pass,Melbourne Victory,Geria,17.3,35.3,70.8,25.7,True,,,
100460,1H,36,55,pass,short_or_medium_pass,Melbourne Victory,Bacus,61.5,45.3,47.7,56.2,True,,,
100188,1H,37,3,pass,short_or_medium_pass,Sydney FC,Lolley,49.3,26.8,31.8,21.9,True,,,
100872,1H,37,9,touch,,Melbourne Victory,Chiba,29.4,96.6,,,,,,
100491,1H,37,27,pass,short_or_medium_pass,Melbourne Victory,Chiba,76.0,50.1,60.6,15.7,True,,,
100152,1H,37,28,pass,short_or_medium_pass,Sydney FC,Caceres,58.6,52.3,33.2,16.7,True,,,
100507,1H,37,28,pass,progressive_pass,Melbourne Victory,Vidosic,19.4,5.0,49.2,16.1,True,,,
100219,1H,37,35,pass,short_or_medium_pass,Sydney FC,Kucharski,42.9,55.9,40.3,48.0,True,,,
100707,1H,37,40,touch,,Sydney FC,Kucharski,11.4,42.3,,,,,,
100071,1H,37,52,pass,short_or_medium_pass,Sydney FC,Rodwell,27.9,48.4,3.5,54.2,True,,,
100289,1H,37,52,pass,progressive_pass,Sydney FC,Rodwell,32.4,43.0,62.4,28.5,False,,,
100770,1H,38,5,touch,,Melbourne Victory,Bacus,40.0,34.0,,,,,,
100236,1H,38,9,pass,short_or_medium_pass,Sydney FC,Kucharski,72.4,65.9,74.4,77.8,True,,,
100220,1H,38,11,pass,short_or_medium_pass,Sydney FC,Kucharski,57.2,71.0,36.9,44.8,True,,,
100054,1H,38,18,pass,short_or_medium_pass,Sydney FC,Grant,29.4,21.3,23.2,63.0,True,,,
100608,1H,38,25,touch,,Sydney FC,Brattan,81.0,10.4,,,,,,
100647,1H,38,25,touch,,Sydney FC,Rodwell,73.2,46.1,,,,,,
100318,1H,38,32,pass,short_or_medium_pass,Melbourne Victory,Izzo,1.0,57.1,27.8,22.5,True,,,
100403,1H,38,34,pass,short_or_medium_pass,Melbourne Victory,Arslan,35.1,32.2,32.6,95.3,True,,,
100374,1H,38,37,pass,short_or_medium_pass,Melbourne Victory,Roderick,29.2,49.7,34.1,48.3,True,,,
100364,1H,38,51,pass,short_or_medium_pass,Melbourne Victory,Geria,24.0,36.2,36.8,42.8,True,,,
100573,1H,38,54,touch,,Sydney FC,Rodwell,52.2,7.5,,,,,,
100360,1H,38,56,pass,short_or_medium_pass,Melbourne Victory,Geria,22.0,39.0,24.8,27.4,True,,,
100681,1H,39,5,touch,,Sydney FC,Burgess,50.0,31.7,,,,,,
100513,1H,39,9,pass,progressive_pass,Melbourne Victory,Neyder,17.2,87.9,50.4,85.6,True,,,
100225,1H,39,25,pass,short_or_medium_pass,Sydney FC,Kucharski,38.3,70.1,61.2,26.9,True,,,
100649,1H,39,26,touch,,Sydney FC,Redmayne,35.1,99.0,,,,,,
100356,1H,39,30,pass,short_or_medium_pass,Melbourne Victory,Geria,24.9,35.5,4.8,47.8,True,,,
100458,1H,39,33,pass,short_or_medium_pass,Melbourne Victory,Bacus,61.9,45.1,50.8,42.1,True,,,
100885,1H,39,37,touch,,Melbourne Victory,Izzo,46.5,47.3,,,,,,
100788,1H,39,41,touch,,Melbourne Victory,Neyder,1.0,28.4,,,,,,
100401,1H,39,52,pass,short_or_medium_pass,Melbourne Victory,Arslan,38.7,41.8,15.3,25.8,True,,,
100726,1H,39,56,touch,,Sydney FC,Kucharski,70.4,26.6,,,,,,
100232,1H,40,6,pass,short_or_medium_pass,Sydney FC,Kucharski,54.3,59.3,75.9,78.4,True,,,
100090,1H,40,7,pass,short_or_medium_pass,Sydney FC,Rodwell,23.2,37.5,22.3,80.6,True,,,
100836,1H,40,9,touch,,Melbourne Victory,Izzo,33.2,72.4,,,,,,
100302,1H,40,11,pass,progressive_pass,Sydney FC,Grant,38.5,5.0,59.6,5.0,True,,,
100623,1H,40,13,touch,,Sydney FC,Burgess,39.3,66.6,,,,,,
100306,1H,40,19,pass,progressive_pass,Sydney FC,Burgess,26.6,53.3,46.1,58.8,True,,,
100358,1H,40,34,pass,short_or_medium_pass,Melbourne Victory,Geria,16.0,31.6,25.3,15.2,True,,,
100855,1H,40,38,touch,,Melbourne Victory,Arslan,49.2,85.0,,,,,,
100305,1H,40,45,pass,progressive_pass,Sydney FC,Caceres,45.7,65.7,70.2,54.2,True,,,
100524,1H,40,45,touch,,Sydney FC,Lolley,25.7,83.7,,,,,,
100143,1H,40,52,pass,short_or_medium_pass,Sydney FC,Girdwood-Reich,38.7,78.3,54.4,50.3,True,,,
100067,1H,40,54,pass,short_or_medium_pass,Sydney FC,Grant,21.8,9.2,45.9,66.3,True,,,
100156,1H,41,1,pass,short_or_medium_pass,Sydney FC,Caceres,44.6,47.4,20.6,19.4,True,,,
100263,1H,41,1,pass,short_or_medium_pass,Sydney FC,Teague,94.7,47.5,69.0,76.7,True,,,
100178,1H,41,6,pass,short_or_medium_pass,Sydney FC,Caceres,45.9,46.0,68.1,64.9,True,,,
100398,1H,41,7,pass,short_or_medium_pass,Melbourne Victory,Arslan,31.7,43.4,4.2,43.2,True,,,
100393,1H,41,10,pass,short_or_medium_pass,Melbourne Victory,Neyder,20.2,88.9,36.3,62.0,True,,,
100503,1H,41,19,pass,progressive_pass,Melbourne Victory,Roderick,10.0,40.6,38.5,55.2,True,,,
100298,1H,41,26,pass,progressive_pass,Sydney FC,Caceres,51.7,63.6,81.1,67.7,False,,,
100114,1H,41,28,pass,short_or_medium_pass,Sydney FC,Burgess,36.3,66.3,27.8,82.8,True,,,
100015,1H,41,32,shot,,Melbourne Victory,Rojas,93.2,52.5,,,,0.38,False,True
100527,1H,41,32,touch,,Sydney FC,Teague,58.0,80.7,,,,,,
100341,1H,41,34,pass,short_or_medium_pass,Melbourne Victory,Vidosic,18.6,11.1,21.4,40.2,True,,,
100354,1H,41,37,pass,short_or_medium_pass,Melbourne Victory,Geria,16.3,38.9,21.8,54.9,True,,,
100838,1H,41,37,touch,,Melbourne Victory,Vidosic,39.6,16.6,,,,,,
100436,1H,41,46,pass,short_or_medium_pass,Melbourne Victory,Brimmer,41.1,68.6,50.5,47.1,True,,,
100900,1H,41,49,touch,,Melbourne Victory,Bacus,31.6,71.4,,,,,,
100441,1H,41,54,pass,short_or_medium_pass,Melbourne Victory,Brimmer,46.9,58.9,83.8,40.3,True,,,
100400,1H,41,55,pass,short_or_medium_pass,Melbourne Victory,Arslan,49.0,32.9,29.9,7.0,True,,,
100501,1H,42,2,pass,progressive_pass,Melbourne Victory,Neyder,23.1,94.4,41.4,95.0,True,,,
100773,1H,42,3,touch,,Melbourne Victory,Arslan,51.9,79.5,,,,,,
100706,1H,42,4,touch,,Sydney FC,Lolley,66.9,5.6,,,,,,
100408,1H,42,5,pass,short_or_medium_pass,Melbourne Victory,Arslan,44.7,35.4,37.3,71.4,True,,,
100292,1H,42,7,pass,progressive_pass,Sydney FC,Grant,29.9,22.2,57.4,54.3,False,,,
100338,1H,42,9,pass,short_or_medium_pass,Melbourne Victory,Vidosic,28.7,15.2,7.5,53.9,True,,,
100671,1H,42,21,touch,,Sydney FC,Rodwell,13.4,30.3,,,,,,
100761,1H,42,27,touch,,Melbourne Victory,Brimmer,86.9,34.8,,,,,,
100540,1H,42,32,touch,,Sydney FC,Lolley,87.5,75.6,,,,,,
100005,1H,42,35,shot,,Sydney FC,Brattan,88.9,35.0,,,,0.14,False,False
100211,1H,42,36,pass,short_or_medium_pass,Sydney FC,Kucharski,52.8,78.1,17.5,62.3,True,,,
100414,1H,42,41,pass,short_or_medium_pass,Melbourne Victory,Arslan,41.4,38.0,60.0,69.4,True,,,
100560,1H,42,53,touch,,Sydney FC,Kucharski,20.0,57.3,,,,,,
100572,1H,43,4,touch,,Sydney FC,Teague,20.0,80.2,,,,,,
100376,1H,43,12,pass,short_or_medium_pass,Melbourne Victory,Roderick,18.9,60.9,39.2,68.3,True,,,
100283,1H,43,23,pass,progressive_pass,Sydney FC,Girdwood-Reich,27.4,94.4,48.3,95.0,True,,,
100656,1H,43,27,touch,,Sydney FC,Segecic,64.2,74.6,,,,,,
100609,1H,43,46,touch,,Sydney FC,Grant,67.5,61.6,,,,,,
100629,1H,43,47,touch,,Sydney FC,Grant,97.1,88.0,,,,,,
100238,1H,43,51,pass,short_or_medium_pass,Sydney FC,Segecic,77.3,31.7,28.2,39.4,True,,,
100262,1H,43,51,pass,short_or_medium_pass,Sydney FC,Teague,77.8,43.7,66.1,78.6,True,,,
100190,1H,43,57,pass,short_or_medium_pass,Sydney FC,Lolley,56.3,27.6,50.3,60.1,True,,,
100465,1H,43,59,pass,short_or_medium_pass,Melbourne Victory,Bacus,54.6,48.9,67.4,18.1,True,,,
100710,1H,44,14,touch,,Sydney FC,Burgess,23.8,46.9,,,,,,
100862,1H,44,31,touch,,Melbourne Victory,Rojas,31.5,89.3,,,,,,
100206,1H,44,38,pass,short_or_medium_pass,Sydney FC,Kucharski,48.4,72.5,29.8,9.3,True,,,
100563,1H,44,43,touch,,Sydney FC,Redmayne,35.8,9.1,,,,,,
100888,1H,44,53,touch,,Melbourne Victory,Rojas,10.4,51.9,,,,,,
100849,1H,44,57,touch,,Melbourne Victory,Geria,22.9,99.0,,,,,,
100346,2H,45,26,pass,short_or_medium_pass,Melbourne Victory,Vidosic,26.2,19.1,42.0,43.6,True,,,
100404,2H,45,26,pass,short_or_medium_pass,Melbourne Victory,Arslan,41.2,45.3,38.2,69.1,True,,,
100552,2H,45,43,touch,,Sydney FC,Burgess,17.9,39.0,,,,,,
100052,2H,45,47,pass,short_or_medium_pass,Sydney FC,Grant,29.5,14.1,17.7,50.1,True,,,
100657,2H,45,47,touch,,Sydney FC,Redmayne,61.5,11.3,,,,,,
100902,2H,45,47,touch,,Melbourne Victory,Bacus,75.7,1.0,,,,,,
100272,2H,45,48,pass,short_or_medium_pass,Sydney FC,Brattan,67.8,83.1,60.7,29.2,True,,,
100257,2H,45,49,pass,short_or_medium_pass,Sydney FC,Teague,76.3,46.8,66.6,75.2,True,,,
100833,2H,45,52,touch,,Melbourne Victory,Rojas,60.9,64.8,,,,,,
100063,2H,45,56,pass,short_or_medium_pass,Sydney FC,Grant,26.5,19.0,58.0,25.2,True,,,
100616,2H,45,59,touch,,Sydney FC,Segecic,15.2,30.4,,,,,,
100075,2H,46,15,pass,short_or_medium_pass,Sydney FC,Rodwell,14.8,45.3,8.1,43.0,True,,,
100808,2H,46,15,touch,,Melbourne Victory,Arslan,4.8,46.4,,,,,,
100565,2H,46,17,touch,,Sydney FC,Lolley,32.5,52.8,,,,,,
100370,2H,46,20,pass,short_or_medium_pass,Melbourne Victory,Roderick,18.3,59.6,9.6,53.8,True,,,
100537,2H,46,31,touch,,Sydney FC,Grant,71.8,12.6,,,,,,
100854,2H,46,33,touch,,Melbourne Victory,Chiba,24.9,57.6,,,,,,
100831,2H,46,35,touch,,Melbourne Victory,Geria,69.1,90.9,,,,,,
100240,2H,46,38,pass,short_or_medium_pass,Sydney FC,Segecic,72.6,17.4,54.1,54.2,True,,,
100381,2H,46,43,pass,short_or_medium_pass,Melbourne Victory,Neyder,18.1,88.2,3.4,53.3,True,,,
100203,2H,46,57,pass,short_or_medium_pass,Sydney FC,Lolley,47.9,28.9,72.4,82.1,True,,,
100106,2H,46,58,pass,short_or_medium_pass,Sydney FC,Burgess,13.5,63.0,1.0,42.4,True,,,
100695,2H,47,10,touch,,Sydney FC,Caceres,78.6,23.9,,,,,,
100024,2H,47,14,pass,short_or_medium_pass,Sydney FC,Redmayne,10.1,49.2,23.7,20.8,True,,,
100006,2H,47,36,shot,,Sydney FC,Kucharski,85.8,42.9,,,,0.13,False,True
100231,2H,47,36,pass,short_or_medium_pass,Sydney FC,Kucharski,58.6,72.8,74.4,75.9,True,,,
100762,2H,47,37,touch,,Melbourne Victory,Roderick,58.6,10.9,,,,,,
100366,2H,47,41,pass,short_or_medium_pass,Melbourne Victory,Geria,12.5,41.4,53.9,80.5,True,,,
100007,2H,47,42,shot,,Sydney FC,Teague,92.1,58.5,,,,0.3,False,False
100826,2H,47,42,touch,,Melbourne Victory,Brimmer,62.9,39.5,,,,,,
100612,2H,47,47,touch,,Sydney FC,Burgess,73.4,55.3,,,,,,
100651,2H,48,0,touch,,Sydney FC,Segecic,43.6,83.3,,,,,,
100008,2H,48,1,shot,,Sydney FC,Teague,85.8,52.6,,,,0.19,False,False
100016,2H,48,7,shot,,Melbourne Victory,Bacus,78.3,59.5,,,,0.07,False,True
100887,2H,48,24,touch,,Melbourne Victory,Chiba,64.5,83.3,,,,,,
100186,2H,48,26,pass,short_or_medium_pass,Sydney FC,Lolley,68.9,28.8,24.8,23.3,True,,,
100667,2H,48,34,touch,,Sydney FC,Kucharski,12.3,74.1,,,,,,
100399,2H,48,44,pass,short_or_medium_pass,Melbourne Victory,Arslan,37.5,44.5,14.6,16.4,True,,,
100481,2H,48,44,pass,short_or_medium_pass,Melbourne Victory,Kalifa,70.3,76.7,55.3,58.8,True,,,
100122,2H,48,50,pass,short_or_medium_pass,Sydney FC,Burgess,15.8,55.9,68.0,82.1,True,,,
100868,2H,48,52,touch,,Melbourne Victory,Izzo,41.7,54.4,,,,,,
100767,2H,48,55,touch,,Melbourne Victory,Neyder,6.2,41.9,,,,,,
100589,2H,48,57,touch,,Sydney FC,Lolley,32.1,88.3,,,,,,
100329,2H,49,9,pass,short_or_medium_pass,Melbourne Victory,Izzo,9.6,43.7,22.0,62.7,True,,,
100835,2H,49,14,touch,,Melbourne Victory,Izzo,1.0,54.1,,,,,,
100173,2H,49,16,pass,short_or_medium_pass,Sydney FC,Caceres,45.3,38.9,64.7,67.3,True,,,
100553,2H,49,30,touch,,Sydney FC,Segecic,82.6,58.4,,,,,,
100421,2H,49,38,pass,short_or_medium_pass,Melbourne Victory,Brimmer,43.6,60.3,25.6,64.0,True,,,
100066,2H,49,42,pass,short_or_medium_pass,Sydney FC,Grant,25.3,18.5,41.1,73.1,True,,,
100743,2H,49,47,touch,,Melbourne Victory,Rojas,26.3,43.0,,,,,,
100510,2H,49,48,pass,progressive_pass,Melbourne Victory,Geria,12.4,40.0,35.8,52.0,True,,,
100065,2H,49,53,pass,short_or_medium_pass,Sydney FC,Grant,36.2,23.8,51.9,76.2,True,,,
100151,2H,49,57,pass,short_or_medium_pass,Sydney FC,Caceres,52.8,37.5,15.5,10.9,True,,,
100046,2H,50,5,pass,short_or_medium_pass,Sydney FC,Grant,24.4,15.9,7.2,56.6,True,,,
100665,2H,50,5,touch,,Sydney FC,Teague,74.8,77.0,,,,,,
100396,2H,50,22,pass,short_or_medium_pass,Melbourne Victory,Arslan,39.1,47.0,1.0,51.1,True,,,
100712,2H,50,59,touch,,Sydney FC,Caceres,79.9,27.4,,,,,,
100592,2H,51,5,touch,,Sydney FC,Girdwood-Reich,27.5,71.7,,,,,,
100533,2H,51,6,touch,,Sydney FC,Girdwood-Reich,59.1,44.6,,,,,,
100551,2H,51,7,touch,,Sydney FC,Burgess,70.2,93.9,,,,,,
100353,2H,51,9,pass,short_or_medium_pass,Melbourne Victory,Geria,27.3,37.2,12.8,51.6,True,,,
100768,2H,51,12,touch,,Melbourne Victory,Bacus,18.7,45.6,,,,,,
100781,2H,51,15,touch,,Melbourne Victory,Rojas,9.3,42.9,,,,,,
100482,2H,51,22,pass,short_or_medium_pass,Melbourne Victory,Kalifa,61.8,92.7,61.8,49.8,True,,,
100185,2H,51,25,pass,short_or_medium_pass,Sydney FC,Lolley,55.3,33.1,20.5,1.4,True,,,
100488,2H,51,25,pass,short_or_medium_pass,Melbourne Victory,Chiba,69.8,54.7,38.1,40.4,True,,,
100059,2H,51,38,pass,short_or_medium_pass,Sydney FC,Grant,22.6,19.7,18.6,55.6,True,,,
100590,2H,51,45,touch,,Sydney FC,Brattan,28.5,97.8,,,,,,
100440,2H,52,1,pass,short_or_medium_pass,Melbourne Victory,Brimmer,36.7,66.5,64.8,80.8,True,,,
100261,2H,52,2,pass,short_or_medium_pass,Sydney FC,Teague,69.4,54.4,64.2,79.1,True,,,
100109,2H,52,7,pass,short_or_medium_pass,Sydney FC,Burgess,29.8,65.0,21.5,16.3,True,,,
100698,2H,52,10,touch,,Sydney FC,Burgess,83.7,81.4,,,,,,
100429,2H,52,18,pass,short_or_medium_pass,Melbourne Victory,Brimmer,49.2,61.0,45.6,38.2,True,,,
100799,2H,52,18,touch,,Melbourne Victory,Kalifa,42.2,77.0,,,,,,
100355,2H,52,27,pass,short_or_medium_pass,Melbourne Victory,Geria,21.4,43.1,1.0,44.9,True,,,
100454,2H,52,27,pass,short_or_medium_pass,Melbourne Victory,Bacus,58.3,52.3,22.2,14.7,True,,,
100116,2H,52,28,pass,short_or_medium_pass,Sydney FC,Burgess,12.7,67.6,35.1,85.4,True,,,
100546,2H,52,36,touch,,Sydney FC,Burgess,13.1,56.1,,,,,,
100725,2H,52,39,touch,,Sydney FC,Caceres,23.7,29.1,,,,,,
100806,2H,52,42,touch,,Melbourne Victory,Brimmer,33.5,84.4,,,,,,
100574,2H,52,43,touch,,Sydney FC,Burgess,30.0,35.3,,,,,,
100782,2H,52,50,touch,,Melbourne Victory,Izzo,14.3,39.8,,,,,,
100172,2H,53,5,pass,short_or_medium_pass,Sydney FC,Caceres,49.8,50.8,56.4,70.0,True,,,
100327,2H,53,6,pass,short_or_medium_pass,Melbourne Victory,Izzo,1.0,49.9,12.9,33.1,True,,,
100820,2H,53,6,touch,,Melbourne Victory,Vidosic,94.7,68.1,,,,,,
100906,2H,53,17,touch,,Melbourne Victory,Geria,36.5,38.8,,,,,,
100180,2H,53,23,pass,short_or_medium_pass,Sydney FC,Caceres,38.0,56.8,71.1,75.1,True,,,
100331,2H,53,24,pass,short_or_medium_pass,Melbourne Victory,Izzo,11.4,42.8,23.8,59.1,True,,,
100678,2H,53,27,touch,,Sydney FC,Girdwood-Reich,69.8,75.5,,,,,,
100146,2H,53,28,pass,short_or_medium_pass,Sydney FC,Girdwood-Reich,27.9,77.6,53.9,64.3,True,,,
100171,2H,53,32,pass,short_or_medium_pass,Sydney FC,Caceres,48.5,52.3,51.0,66.3,True,,,
100094,2H,53,36,pass,short_or_medium_pass,Sydney FC,Rodwell,25.4,38.2,49.8,49.2,True,,,
100323,2H,53,36,pass,short_or_medium_pass,Melbourne Victory,Izzo,2.8,42.6,26.2,38.4,True,,,
100580,2H,53,38,touch,,Sydney FC,Girdwood-Reich,48.0,61.4,,,,,,
100135,2H,53,54,pass,short_or_medium_pass,Sydney FC,Girdwood-Reich,19.8,78.5,42.9,43.9,True,,,
100078,2H,53,56,pass,short_or_medium_pass,Sydney FC,Rodwell,22.9,39.8,29.2,11.7,True,,,
100270,2H,53,57,pass,short_or_medium_pass,Sydney FC,Brattan,78.3,80.2,37.4,54.5,True,,,
100775,2H,54,28,touch,,Melbourne Victory,Neyder,43.3,46.6,,,,,,
100035,2H,54,40,pass,short_or_medium_pass,Sydney FC,Redmayne,5.4,53.0,23.9,90.5,True,,,
100693,2H,54,41,touch,,Sydney FC,Redmayne,19.0,53.1,,,,,,
100108,2H,54,43,pass,short_or_medium_pass,Sydney FC,Burgess,32.9,57.9,23.0,16.9,True,,,
100134,2H,54,43,pass,short_or_medium_pass,Sydney FC,Girdwood-Reich,17.4,78.8,23.0,56.4,True,,,
100254,2H,54,43,pass,short_or_medium_pass,Sydney FC,Teague,77.2,51.0,20.9,19.2,True,,,
100077,2H,54,46,pass,short_or_medium_pass,Sydney FC,Rodwell,23.0,38.3,28.8,16.7,True,,,
100534,2H,54,47,touch,,Sydney FC,Teague,40.9,79.3,,,,,,
100636,2H,54,58,touch,,Sydney FC,Brattan,6.7,48.5,,,,,,
100640,2H,55,2,touch,,Sydney FC,Grant,23.8,37.7,,,,,,
100601,2H,55,17,touch,,Sydney FC,Brattan,16.9,58.1,,,,,,
100737,2H,55,17,touch,,Melbourne Victory,Rojas,56.1,83.3,,,,,,
100876,2H,55,23,touch,,Melbourne Victory,Rojas,23.7,68.3,,,,,,
100149,2H,55,25,pass,short_or_medium_pass,Sydney FC,Girdwood-Reich,28.4,81.8,57.8,71.4,True,,,
100588,2H,55,31,touch,,Sydney FC,Segecic,20.5,39.5,,,,,,
100679,2H,55,47,touch,,Sydney FC,Caceres,23.8,55.5,,,,,,
100336,2H,55,57,pass,short_or_medium_pass,Melbourne Victory,Izzo,10.7,60.1,33.7,63.2,True,,,
100235,2H,56,6,pass,short_or_medium_pass,Sydney FC,Kucharski,57.3,75.4,77.6,87.6,True,,,
100683,2H,56,15,touch,,Sydney FC,Lolley,35.9,77.4,,,,,,
100487,2H,56,20,pass,short_or_medium_pass,Melbourne Victory,Chiba,80.8,60.3,29.5,33.1,True,,,
100535,2H,56,30,touch,,Sydney FC,Brattan,82.1,42.5,,,,,,
100789,2H,56,30,touch,,Melbourne Victory,Roderick,69.6,13.8,,,,,,
100730,2H,56,34,touch,,Sydney FC,Lolley,93.4,28.1,,,,,,
100664,2H,56,35,touch,,Sydney FC,Grant,47.6,58.4,,,,,,
100160,2H,56,49,pass,short_or_medium_pass,Sydney FC,Caceres,46.4,50.9,24.1,37.7,True,,,
100746,2H,56,55,touch,,Melbourne Victory,Geria,30.5,95.9,,,,,,
100816,2H,57,22,touch,,Melbourne Victory,Chiba,64.1,64.9,,,,,,
100183,2H,57,27,pass,short_or_medium_pass,Sydney FC,Lolley,57.7,18.0,1.0,45.8,True,,,
100276,2H,57,34,pass,short_or_medium_pass,Sydney FC,Brattan,70.1,67.2,69.0,21.9,True,,,
100053,2H,57,37,pass,short_or_medium_pass,Sydney FC,Grant,37.0,30.8,17.1,40.3,True,,,
100424,2H,57,51,pass,short_or_medium_pass,Melbourne Victory,Brimmer,43.8,60.1,32.2,83.3,True,,,
100694,2H,57,57,touch,,Sydney FC,Girdwood-Reich,57.3,73.6,,,,,,
100613,2H,57,59,touch,,Sydney FC,Grant,13.2,87.6,,,,,,
100167,2H,58,11,pass,short_or_medium_pass,Sydney FC,Caceres,51.2,58.3,49.7,34.6,True,,,
100311,2H,58,25,pass,progressive_pass,Sydney FC,Caceres,47.7,46.0,64.0,60.2,True,,,
100598,2H,58,35,touch,,Sydney FC,Segecic,64.9,65.9,,,,,,
100251,2H,58,37,pass,short_or_medium_pass,Sydney FC,Segecic,75.4,17.5,83.3,38.5,True,,,
100596,2H,58,38,touch,,Sydney FC,Teague,41.1,87.5,,,,,,
100652,2H,58,43,touch,,Sydney FC,Kucharski,18.3,72.1,,,,,,
100357,2H,58,48,pass,short_or_medium_pass,Melbourne Victory,Geria,12.7,29.4,23.5,7.5,True,,,
100291,2H,58,49,pass,progressive_pass,Sydney FC,Rodwell,23.7,41.0,39.7,33.3,True,,,
100619,2H,58,50,touch,,Sydney FC,Caceres,5.4,71.6,,,,,,
100123,2H,58,51,pass,short_or_medium_pass,Sydney FC,Girdwood-Reich,22.5,88.4,10.7,51.0,True,,,
100489,2H,58,56,pass,short_or_medium_pass,Melbourne Victory,Chiba,80.8,53.5,41.1,52.7,True,,,
100645,2H,59,4,touch,,Sydney FC,Kucharski,85.2,28.2,,,,,,
100860,2H,59,30,touch,,Melbourne Victory,Izzo,17.7,73.5,,,,,,
100851,2H,59,32,touch,,Melbourne Victory,Rojas,9.7,84.7,,,,,,
100352,2H,59,42,pass,short_or_medium_pass,Melbourne Victory,Geria,17.3,33.1,6.1,46.4,True,,,
100300,2H,59,53,pass,progressive_pass,Sydney FC,Burgess,38.1,68.0,66.6,67.8,True,,,
100595,2H,60,2,touch,,Sydney FC,Caceres,24.5,1.0,,,,,,
100783,2H,60,3,touch,,Melbourne Victory,Geria,22.1,14.0,,,,,,
100478,2H,60,5,pass,short_or_medium_pass,Melbourne Victory,Kalifa,60.7,65.0,42.4,60.3,True,,,
100550,2H,60,21,touch,,Sydney FC,Brattan,45.4,1.0,,,,,,
100174,2H,60,23,pass,short_or_medium_pass,Sydney FC,Caceres,52.0,51.3,74.3,16.5,True,,,
100624,2H,60,25,touch,,Sydney FC,Teague,36.9,46.9,,,,,,
100456,2H,60,27,pass,short_or_medium_pass,Melbourne Victory,Bacus,67.1,51.0,26.9,94.3,True,,,
100586,2H,60,35,touch,,Sydney FC,Kucharski,65.5,51.2,,,,,,
100339,2H,60,57,pass,short_or_medium_pass,Melbourne Victory,Vidosic,18.3,26.5,8.5,50.0,True,,,
100732,2H,60,58,touch,,Sydney FC,Segecic,63.2,68.2,,,,,,
100163,2H,61,3,pass,short_or_medium_pass,Sydney FC,Caceres,38.6,47.0,24.0,61.2,True,,,
100025,2H,61,8,pass,short_or_medium_pass,Sydney FC,Redmayne,4.8,49.1,30.1,12.8,True,,,
100029,2H,61,10,pass,short_or_medium_pass,Sydney FC,Redmayne,12.3,48.8,17.1,40.1,True,,,
100555,2H,61,13,touch,,Sydney FC,Grant,72.0,65.1,,,,,,
100269,2H,61,15,pass,short_or_medium_pass,Sydney FC,Brattan,85.4,90.7,40.5,50.4,True,,,
100426,2H,61,19,pass,short_or_medium_pass,Melbourne Victory,Brimmer,35.9,64.0,28.7,84.4,True,,,
100576,2H,61,44,touch,,Sydney FC,Redmayne,3.6,62.4,,,,,,
100639,2H,61,53,touch,,Sydney FC,Lolley,46.7,26.8,,,,,,
100299,2H,61,56,pass,progressive_pass,Sydney FC,Girdwood-Reich,15.7,77.8,35.9,92.3,True,,,
100191,2H,61,59,pass,short_or_medium_pass,Sydney FC,Lolley,58.2,26.5,36.8,56.7,True,,,
100278,2H,61,59,pass,short_or_medium_pass,Sydney FC,Brattan,73.0,77.9,74.6,40.9,True,,,
100308,2H,62,3,pass,progressive_pass,Sydney FC,Grant,31.4,36.3,52.1,55.9,False,,,
100542,2H,62,12,touch,,Sydney FC,Redmayne,51.0,24.7,,,,,,
100144,2H,62,16,pass,short_or_medium_pass,Sydney FC,Girdwood-Reich,36.0,85.4,57.9,35.1,True,,,
100119,2H,62,17,pass,short_or_medium_pass,Sydney FC,Burgess,23.9,55.0,50.3,45.6,True,,,
100818,2H,62,20,touch,,Melbourne Victory,Brimmer,21.2,47.0,,,,,,
100096,2H,62,26,pass,short_or_medium_pass,Sydney FC,Rodwell,21.3,39.9,43.9,54.6,True,,,
100420,2H,62,32,pass,short_or_medium_pass,Melbourne Victory,Brimmer,32.1,61.9,26.2,60.7,True,,,
100628,2H,62,35,touch,,Sydney FC,Lolley,99.0,42.3,,,,,,
100184,2H,62,40,pass,short_or_medium_pass,Sydney FC,Lolley,59.4,30.2,7.6,44.3,True,,,
100017,2H,62,45,shot,,Melbourne Victory,Bacus,89.8,27.2,,,,0.15,False,True
100275,2H,62,53,pass,short_or_medium_pass,Sydney FC,Brattan,68.4,83.4,50.0,71.0,True,,,
100032,2H,63,1,pass,short_or_medium_pass,Sydney FC,Redmayne,9.8,52.4,27.7,54.0,True,,,
100874,2H,63,2,touch,,Melbourne Victory,Chiba,41.2,54.1,,,,,,
100622,2H,63,8,touch,,Sydney FC,Caceres,10.8,25.1,,,,,,
100009,2H,63,29,shot,,Sydney FC,Kucharski,92.3,40.8,,,,0.32,False,True
100495,2H,63,33,pass,progressive_pass,Melbourne Victory,Bacus,70.0,26.5,96.0,46.9,True,,,
100841,2H,63,35,touch,,Melbourne Victory,Kalifa,69.7,41.7,,,,,,
100342,2H,63,39,pass,short_or_medium_pass,Melbourne Victory,Vidosic,26.8,11.6,23.3,67.1,True,,,
100425,2H,63,46,pass,short_or_medium_pass,Melbourne Victory,Brimmer,39.7,61.4,28.1,86.6,True,,,
100058,2H,63,57,pass,short_or_medium_pass,Sydney FC,Grant,18.0,23.3,17.4,57.6,True,,,
100740,2H,64,22,touch,,Melbourne Victory,Vidosic,18.2,60.8,,,,,,
100780,2H,64,25,touch,,Melbourne Victory,Arslan,24.0,62.9,,,,,,
100523,2H,64,27,touch,,Sydney FC,Redmayne,79.5,77.0,,,,,,
100621,2H,64,34,touch,,Sydney FC,Lolley,1.0,44.8,,,,,,
100809,2H,64,40,touch,,Melbourne Victory,Neyder,31.9,61.6,,,,,,
100547,2H,64,42,touch,,Sydney FC,Redmayne,99.0,62.9,,,,,,
100150,2H,64,45,pass,short_or_medium_pass,Sydney FC,Caceres,43.8,52.2,19.6,47.1,True,,,
100098,2H,64,51,pass,short_or_medium_pass,Sydney FC,Rodwell,24.4,34.6,51.5,26.7,True,,,
100531,2H,65,8,touch,,Sydney FC,Teague,15.5,63.4,,,,,,
100686,2H,65,9,touch,,Sydney FC,Brattan,26.4,65.2,,,,,,
100148,2H,65,15,pass,short_or_medium_pass,Sydney FC,Girdwood-Reich,26.8,82.7,58.2,74.8,True,,,
100528,2H,65,15,touch,,Sydney FC,Lolley,99.0,56.7,,,,,,
100821,2H,65,22,touch,,Melbourne Victory,Chiba,28.3,64.6,,,,,,
100634,2H,65,29,touch,,Sydney FC,Teague,43.7,77.6,,,,,,
100081,2H,65,38,pass,short_or_medium_pass,Sydney FC,Rodwell,18.9,28.5,24.7,15.8,True,,,
100878,2H,65,45,touch,,Melbourne Victory,Roderick,19.4,29.0,,,,,,
100558,2H,66,0,touch,,Sydney FC,Lolley,71.0,57.9,,,,,,
100205,2H,66,1,pass,short_or_medium_pass,Sydney FC,Kucharski,57.3,67.2,6.3,46.2,True,,,
100805,2H,66,6,touch,,Melbourne Victory,Neyder,88.9,56.5,,,,,,
100301,2H,66,20,pass,progressive_pass,Sydney FC,Burgess,26.3,65.8,55.1,95.0,True,,,
100877,2H,66,35,touch,,Melbourne Victory,Rojas,56.1,66.0,,,,,,
100397,2H,66,41,pass,short_or_medium_pass,Melbourne Victory,Arslan,33.8,42.7,7.7,47.5,True,,,
100676,2H,66,41,touch,,Sydney FC,Girdwood-Reich,20.0,57.1,,,,,,
100229,2H,66,47,pass,short_or_medium_pass,Sydney FC,Kucharski,48.0,70.7,83.5,53.1,True,,,
100600,2H,66,49,touch,,Sydney FC,Segecic,32.9,80.6,,,,,,
100685,2H,66,50,touch,,Sydney FC,Rodwell,1.0,29.7,,,,,,
100557,2H,66,58,touch,,Sydney FC,Grant,72.4,34.9,,,,,,
100010,2H,67,8,shot,goal,Sydney FC,Teague,86.0,60.0,,,,0.28,True,True
100379,2H,67,13,pass,short_or_medium_pass,Melbourne Victory,Neyder,19.7,81.0,1.0,47.1,True,,,
100538,2H,67,15,touch,,Sydney FC,Teague,70.6,77.2,,,,,,
100472,2H,67,21,pass,short_or_medium_pass,Melbourne Victory,Kalifa,63.4,77.5,16.3,86.0,True,,,
100320,2H,67,22,pass,short_or_medium_pass,Melbourne Victory,Izzo,2.7,49.4,21.7,27.1,True,,,
100757,2H,67,23,touch,,Melbourne Victory,Vidosic,49.0,27.3,,,,,,
100207,2H,67,25,pass,short_or_medium_pass,Sydney FC,Kucharski,49.9,70.8,18.3,33.2,True,,,
100317,2H,67,31,pass,short_or_medium_pass,Melbourne Victory,Izzo,10.6,40.9,21.9,16.1,True,,,
100457,2H,67,31,pass,short_or_medium_pass,Melbourne Victory,Bacus,53.7,33.9,40.3,43.0,True,,,
100040,2H,67,34,pass,short_or_medium_pass,Sydney FC,Redmayne,2.6,54.2,65.5,28.5,True,,,
100267,2H,67,46,pass,short_or_medium_pass,Sydney FC,Brattan,71.1,72.2,30.6,77.2,True,,,
100747,2H,67,52,touch,,Melbourne Victory,Roderick,43.5,42.5,,,,,,
100131,2H,67,55,pass,short_or_medium_pass,Sydney FC,Girdwood-Reich,33.6,90.5,22.3,60.7,True,,,
100674,2H,67,55,touch,,Sydney FC,Teague,62.3,34.8,,,,,,
100018,2H,67,56,shot,,Melbourne Victory,Kalifa,96.5,42.2,,,,0.45,False,False
100701,2H,67,58,touch,,Sydney FC,Caceres,43.6,48.4,,,,,,
100340,2H,68,3,pass,short_or_medium_pass,Melbourne Victory,Vidosic,20.9,29.4,21.4,40.3,True,,,
100198,2H,68,19,pass,short_or_medium_pass,Sydney FC,Lolley,56.1,18.7,75.5,13.0,True,,,
100543,2H,68,29,touch,,Sydney FC,Redmayne,63.1,38.4,,,,,,
100786,2H,68,30,touch,,Melbourne Victory,Neyder,40.5,47.4,,,,,,
100020,2H,68,37,shot,,Melbourne Victory,Kalifa,84.7,46.5,,,,0.13,False,True
100659,2H,68,43,touch,,Sydney FC,Caceres,14.0,49.3,,,,,,
100215,2H,68,48,pass,short_or_medium_pass,Sydney FC,Kucharski,49.4,66.2,32.6,62.9,True,,,
100019,2H,68,58,shot,,Melbourne Victory,Chiba,80.1,63.3,,,,0.11,False,True
100856,2H,69,5,touch,,Melbourne Victory,Neyder,19.4,51.7,,,,,,
100717,2H,69,6,touch,,Sydney FC,Girdwood-Reich,10.6,34.4,,,,,,
100637,2H,69,13,touch,,Sydney FC,Redmayne,69.3,16.5,,,,,,
100515,2H,69,17,pass,progressive_pass,Melbourne Victory,Geria,18.0,31.3,41.6,6.1,False,,,
100307,2H,69,25,pass,progressive_pass,Sydney FC,Rodwell,20.8,23.4,54.7,21.0,False,,,
100282,2H,69,30,pass,progressive_pass,Sydney FC,Grant,24.7,9.9,48.7,17.4,True,,,
100796,2H,69,36,touch,,Melbourne Victory,Chiba,13.5,29.9,,,,,,
100784,2H,69,45,touch,,Melbourne Victory,Neyder,48.7,42.5,,,,,,
100643,2H,69,48,touch,,Sydney FC,Lolley,72.7,62.2,,,,,,
100496,2H,70,2,pass,progressive_pass,Melbourne Victory,Bacus,60.0,58.6,79.7,46.0,False,,,
100435,2H,70,3,pass,short_or_medium_pass,Melbourne Victory,Brimmer,47.1,77.7,68.7,41.1,True,,,
100517,2H,70,14,pass,progressive_pass,Melbourne Victory,Arslan,36.0,44.1,53.5,45.0,True,,,
100866,2H,70,16,touch,,Melbourne Victory,Neyder,26.7,62.4,,,,,,
100281,2H,70,19,pass,progressive_pass,Sydney FC,Burgess,19.4,85.4,39.1,78.8,True,,,
100239,2H,70,34,pass,short_or_medium_pass,Sydney FC,Segecic,75.3,18.9,13.8,38.0,True,,,
100448,2H,70,44,pass,short_or_medium_pass,Melbourne Victory,Rojas,56.8,32.3,19.2,19.0,True,,,
100539,2H,70,45,touch,,Sydney FC,Segecic,57.1,78.4,,,,,,
100672,2H,70,57,touch,,Sydney FC,Brattan,31.9,85.5,,,,,,
100187,2H,71,0,pass,short_or_medium_pass,Sydney FC,Lolley,58.8,22.9,26.5,19.2,True,,,
100452,2H,71,6,pass,short_or_medium_pass,Melbourne Victory,Rojas,52.8,15.2,40.7,69.7,True,,,
100083,2H,71,10,pass,short_or_medium_pass,Sydney FC,Rodwell,20.1,39.2,15.1,11.1,True,,,
100879,2H,71,14,touch,,Melbourne Victory,Roderick,99.0,35.0,,,,,,
100512,2H,71,27,pass,progressive_pass,Melbourne Victory,Roderick,15.3,62.4,32.6,53.2,True,,,
100470,2H,71,30,pass,short_or_medium_pass,Melbourne Victory,Bacus,62.4,44.6,74.8,57.4,True,,,
100042,2H,71,38,pass,short_or_medium_pass,Sydney FC,Redmayne,7.8,49.4,53.7,64.3,True,,,
100493,2H,71,41,pass,short_or_medium_pass,Melbourne Victory,Chiba,83.6,44.7,58.5,58.8,True,,,
100475,2H,71,50,pass,short_or_medium_pass,Melbourne Victory,Kalifa,58.9,81.1,43.1,49.1,True,,,
100413,2H,71,51,pass,short_or_medium_pass,Melbourne Victory,Arslan,41.5,47.9,59.4,42.6,True,,,
100556,2H,72,0,touch,,Sydney FC,Lolley,53.5,62.9,,,,,,
100248,2H,72,1,pass,short_or_medium_pass,Sydney FC,Segecic,81.8,24.3,69.9,80.5,True,,,
100097,2H,72,2,pass,short_or_medium_pass,Sydney FC,Rodwell,18.7,34.5,54.5,49.4,True,,,
100056,2H,72,5,pass,short_or_medium_pass,Sydney FC,Grant,30.9,19.9,23.9,62.6,True,,,
100870,2H,72,8,touch,,Melbourne Victory,Rojas,68.7,43.5,,,,,,
100807,2H,72,13,touch,,Melbourne Victory,Kalifa,32.7,11.2,,,,,,
100409,2H,72,26,pass,short_or_medium_pass,Melbourne Victory,Arslan,34.3,39.7,62.3,20.2,True,,,
100237,2H,72,29,pass,short_or_medium_pass,Sydney FC,Kucharski,56.7,80.7,68.7,75.7,True,,,
100744,2H,72,29,touch,,Melbourne Victory,Geria,35.5,10.3,,,,,,
100444,2H,72,30,pass,short_or_medium_pass,Melbourne Victory,Brimmer,40.3,52.3,91.2,51.6,True,,,
100136,2H,72,31,pass,short_or_medium_pass,Sydney FC,Girdwood-Reich,37.2,83.1,51.6,51.7,True,,,
100079,2H,72,34,pass,short_or_medium_pass,Sydney FC,Rodwell,31.2,40.0,24.3,20.0,True,,,
100660,2H,72,37,touch,,Sydney FC,Segecic,79.8,50.3,,,,,,
100349,2H,72,48,pass,short_or_medium_pass,Melbourne Victory,Vidosic,21.1,15.0,60.8,46.8,True,,,
100161,2H,72,56,pass,short_or_medium_pass,Sydney FC,Caceres,49.3,47.8,22.6,76.5,True,,,
100347,2H,72,58,pass,short_or_medium_pass,Melbourne Victory,Vidosic,34.2,17.8,41.3,51.0,True,,,
100751,2H,73,0,touch,,Melbourne Victory,Kalifa,46.4,10.8,,,,,,
100530,2H,73,9,touch,,Sydney FC,Burgess,59.5,4.5,,,,,,
100319,2H,73,10,pass,short_or_medium_pass,Melbourne Victory,Izzo,1.1,31.1,21.9,45.8,True,,,
100480,2H,73,10,pass,short_or_medium_pass,Melbourne Victory,Kalifa,51.7,82.2,64.9,20.4,True,,,
100895,2H,73,17,touch,,Melbourne Victory,Geria,38.5,10.7,,,,,,
100093,2H,73,20,pass,short_or_medium_pass,Sydney FC,Rodwell,31.7,49.0,52.6,43.0,True,,,
100124,2H,73,28,pass,short_or_medium_pass,Sydney FC,Girdwood-Reich,25.3,83.3,8.8,49.8,True,,,
100383,2H,73,30,pass,short_or_medium_pass,Melbourne Victory,Neyder,24.8,85.3,16.8,25.5,True,,,
100304,2H,73,31,pass,progressive_pass,Sydney FC,Rodwell,26.9,46.1,51.6,51.0,False,,,
100908,2H,73,33,touch,,Melbourne Victory,Bacus,10.6,22.7,,,,,,
100102,2H,73,35,pass,short_or_medium_pass,Sydney FC,Burgess,17.5,65.3,4.7,45.1,True,,,
100199,2H,73,39,pass,short_or_medium_pass,Sydney FC,Lolley,55.7,34.5,83.5,51.9,True,,,
100060,2H,73,50,pass,short_or_medium_pass,Sydney FC,Grant,33.9,18.3,37.0,50.1,True,,,
100266,2H,73,55,pass,short_or_medium_pass,Sydney FC,Teague,75.7,55.2,70.3,82.1,True,,,
100226,2H,74,0,pass,short_or_medium_pass,Sydney FC,Kucharski,54.2,86.4,67.8,11.8,True,,,
100603,2H,74,3,touch,,Sydney FC,Lolley,56.0,80.4,,,,,,
100162,2H,74,7,pass,short_or_medium_pass,Sydney FC,Caceres,42.9,62.3,22.1,55.4,True,,,
100363,2H,74,9,pass,short_or_medium_pass,Melbourne Victory,Geria,21.5,27.0,39.6,30.8,True,,,
100497,2H,74,12,pass,progressive_pass,Melbourne Victory,Neyder,28.0,95.0,47.7,90.2,True,,,
100691,2H,74,22,touch,,Sydney FC,Lolley,25.6,59.2,,,,,,
100541,2H,74,32,touch,,Sydney FC,Teague,5.1,70.6,,,,,,
100776,2H,74,34,touch,,Melbourne Victory,Roderick,1.0,22.7,,,,,,
100633,2H,74,43,touch,,Sydney FC,Burgess,68.1,74.2,,,,,,
100779,2H,74,47,touch,,Melbourne Victory,Arslan,40.5,41.3,,,,,,
100593,2H,74,50,touch,,Sydney FC,Teague,1.0,65.4,,,,,,
100587,2H,74,51,touch,,Sydney FC,Rodwell,99.0,44.5,,,,,,
100021,2H,74,52,shot,goal,Melbourne Victory,Bacus,89.0,42.0,,,,0.21,True,True
100604,2H,74,58,touch,,Sydney FC,Lolley,79.7,74.9,,,,,,
100297,2H,75,8,pass,progressive_pass,Sydney FC,Burgess,19.5,53.5,40.1,39.7,True,,,
100092,2H,75,14,pass,short_or_medium_pass,Sydney FC,Rodwell,24.6,40.2,12.2,82.6,True,,,
100378,2H,75,22,pass,short_or_medium_pass,Melbourne Victory,Roderick,19.6,60.7,60.5,43.8,True,,,
100756,2H,75,28,touch,,Melbourne Victory,Roderick,44.5,60.1,,,,,,
100617,2H,75,32,touch,,Sydney FC,Teague,19.7,59.8,,,,,,
100752,2H,75,32,touch,,Melbourne Victory,Geria,6.4,9.9,,,,,,
100812,2H,75,41,touch,,Melbourne Victory,Arslan,19.9,91.7,,,,,,
100218,2H,75,59,pass,short_or_medium_pass,Sydney FC,Kucharski,43.9,66.0,48.5,52.6,True,,,
100130,2H,76,6,pass,short_or_medium_pass,Sydney FC,Girdwood-Reich,23.6,84.9,13.9,34.8,True,,,
100034,2H,76,8,pass,short_or_medium_pass,Sydney FC,Redmayne,3.4,49.9,29.1,78.7,True,,,
100711,2H,76,8,touch,,Sydney FC,Segecic,1.0,54.8,,,,,,
100709,2H,76,17,touch,,Sydney FC,Girdwood-Reich,55.2,81.8,,,,,,
100864,2H,76,18,touch,,Melbourne Victory,Roderick,59.9,86.0,,,,,,
100433,2H,76,21,pass,short_or_medium_pass,Melbourne Victory,Brimmer,47.6,57.7,62.8,6.1,True,,,
100873,2H,76,32,touch,,Melbourne Victory,Geria,75.3,66.5,,,,,,
100901,2H,76,44,touch,,Melbourne Victory,Neyder,29.0,31.3,,,,,,
100714,2H,76,48,touch,,Sydney FC,Redmayne,78.4,22.8,,,,,,
100104,2H,76,51,pass,short_or_medium_pass,Sydney FC,Burgess,27.9,69.6,9.6,49.3,True,,,
100508,2H,76,56,pass,progressive_pass,Melbourne Victory,Bacus,66.8,54.6,83.4,64.9,False,,,
100217,2H,76,58,pass,short_or_medium_pass,Sydney FC,Kucharski,56.2,69.6,47.1,51.1,True,,,
100853,2H,77,0,touch,,Melbourne Victory,Brimmer,28.4,33.9,,,,,,
100787,2H,77,1,touch,,Melbourne Victory,Geria,44.7,73.8,,,,,,
100569,2H,77,4,touch,,Sydney FC,Grant,1.0,45.9,,,,,,
100380,2H,77,5,pass,short_or_medium_pass,Melbourne Victory,Neyder,25.7,87.2,2.7,60.5,True,,,
100062,2H,77,7,pass,short_or_medium_pass,Sydney FC,Grant,27.8,24.0,58.8,27.6,True,,,
100022,2H,77,22,shot,,Melbourne Victory,Chiba,80.0,49.3,,,,0.09,False,False
100037,2H,77,22,pass,short_or_medium_pass,Sydney FC,Redmayne,11.3,52.8,43.4,44.0,True,,,
100157,2H,77,29,pass,short_or_medium_pass,Sydney FC,Caceres,42.3,47.6,26.1,30.5,True,,,
100224,2H,77,42,pass,short_or_medium_pass,Sydney FC,Kucharski,60.0,71.7,45.6,18.3,True,,,
100333,2H,77,42,pass,short_or_medium_pass,Melbourne Victory,Izzo,1.0,46.8,12.9,59.8,True,,,
100795,2H,77,44,touch,,Melbourne Victory,Geria,28.2,52.8,,,,,,
100718,2H,77,45,touch,,Sydney FC,Caceres,35.1,67.9,,,,,,
100101,2H,77,47,pass,short_or_medium_pass,Sydney FC,Burgess,24.2,71.4,8.1,52.6,True,,,
100605,2H,78,7,touch,,Sydney FC,Rodwell,52.7,20.1,,,,,,
100249,2H,78,31,pass,short_or_medium_pass,Sydney FC,Segecic,79.7,11.7,60.1,75.6,True,,,
100703,2H,78,40,touch,,Sydney FC,Redmayne,21.1,57.4,,,,,,
100348,2H,78,47,pass,short_or_medium_pass,Melbourne Victory,Vidosic,19.9,11.0,63.4,28.3,True,,,
100791,2H,79,4,touch,,Melbourne Victory,Izzo,38.1,66.7,,,,,,
100858,2H,79,5,touch,,Melbourne Victory,Arslan,54.8,53.1,,,,,,
100886,2H,79,15,touch,,Melbourne Victory,Rojas,19.0,54.7,,,,,,
100103,2H,79,19,pass,short_or_medium_pass,Sydney FC,Burgess,20.6,66.5,5.7,46.8,True,,,
100591,2H,79,25,touch,,Sydney FC,Burgess,53.3,98.4,,,,,,
100193,2H,79,27,pass,short_or_medium_pass,Sydney FC,Lolley,50.5,32.5,46.2,73.6,True,,,
100153,2H,79,30,pass,short_or_medium_pass,Sydney FC,Caceres,30.1,56.1,27.1,10.2,True,,,
100142,2H,79,40,pass,short_or_medium_pass,Sydney FC,Girdwood-Reich,19.6,87.4,46.1,41.5,True,,,
100571,2H,79,45,touch,,Sydney FC,Girdwood-Reich,28.3,62.8,,,,,,
100765,2H,79,47,touch,,Melbourne Victory,Bacus,70.2,72.4,,,,,,
100907,2H,79,53,touch,,Melbourne Victory,Kalifa,13.7,45.5,,,,,,
100828,2H,79,56,touch,,Melbourne Victory,Chiba,11.2,35.6,,,,,,
100387,2H,80,3,pass,short_or_medium_pass,Melbourne Victory,Neyder,26.6,79.7,25.8,55.4,True,,,
100884,2H,80,3,touch,,Melbourne Victory,Neyder,23.8,67.2,,,,,,
100772,2H,80,11,touch,,Melbourne Victory,Bacus,17.8,71.2,,,,,,
100389,2H,80,12,pass,short_or_medium_pass,Melbourne Victory,Neyder,16.5,82.2,50.3,56.4,True,,,
100635,2H,80,12,touch,,Sydney FC,Teague,96.2,61.1,,,,,,
100438,2H,80,40,pass,short_or_medium_pass,Melbourne Victory,Brimmer,44.8,74.3,54.2,44.1,True,,,
100846,2H,80,41,touch,,Melbourne Victory,Arslan,1.0,54.6,,,,,,
100871,2H,80,50,touch,,Melbourne Victory,Bacus,35.9,91.9,,,,,,
100209,2H,80,57,pass,short_or_medium_pass,Sydney FC,Kucharski,46.5,77.4,22.6,59.2,True,,,
100477,2H,81,4,pass,short_or_medium_pass,Melbourne Victory,Kalifa,67.5,75.2,37.9,63.0,True,,,
100584,2H,81,4,touch,,Sydney FC,Rodwell,77.3,72.4,,,,,,
100334,2H,81,7,pass,short_or_medium_pass,Melbourne Victory,Izzo,14.8,47.9,34.3,91.0,True,,,
100869,2H,81,8,touch,,Melbourne Victory,Rojas,18.9,55.0,,,,,,
100449,2H,81,9,pass,short_or_medium_pass,Melbourne Victory,Rojas,58.5,26.0,30.8,27.5,True,,,
100722,2H,81,13,touch,,Sydney FC,Brattan,63.8,41.7,,,,,,
100099,2H,81,16,pass,short_or_medium_pass,Sydney FC,Rodwell,25.7,30.4,76.4,49.4,True,,,
100011,2H,81,24,shot,,Sydney FC,Kucharski,88.2,49.0,,,,0.26,False,True
100337,2H,81,26,pass,short_or_medium_pass,Melbourne Victory,Izzo,16.5,53.4,21.7,70.3,True,,,
100883,2H,81,34,touch,,Melbourne Victory,Rojas,45.5,42.5,,,,,,
100088,2H,81,44,pass,short_or_medium_pass,Sydney FC,Rodwell,33.6,43.6,27.3,63.1,True,,,
100519,2H,81,46,touch,,Sydney FC,Grant,43.4,22.6,,,,,,
100196,2H,82,3,pass,short_or_medium_pass,Sydney FC,Lolley,54.5,38.9,70.1,21.6,True,,,
100245,2H,82,6,pass,short_or_medium_pass,Sydney FC,Segecic,79.0,19.1,48.1,34.5,True,,,
100288,2H,82,8,pass,progressive_pass,Sydney FC,Grant,12.8,5.0,38.1,11.6,True,,,
100699,2H,82,10,touch,,Sydney FC,Teague,35.7,55.0,,,,,,
100766,2H,82,13,touch,,Melbourne Victory,Izzo,61.2,77.3,,,,,,
100545,2H,82,18,touch,,Sydney FC,Rodwell,1.0,48.8,,,,,,
100121,2H,82,29,pass,short_or_medium_pass,Sydney FC,Burgess,14.5,69.0,84.4,48.0,True,,,
100280,2H,82,29,pass,short_or_medium_pass,Sydney FC,Brattan,84.2,74.2,78.9,45.3,True,,,
100653,2H,82,29,touch,,Sydney FC,Redmayne,15.1,21.5,,,,,,
100579,2H,82,38,touch,,Sydney FC,Grant,25.0,66.3,,,,,,
100466,2H,82,41,pass,short_or_medium_pass,Melbourne Victory,Bacus,63.0,48.8,63.8,16.4,True,,,
100165,2H,82,51,pass,short_or_medium_pass,Sydney FC,Caceres,56.2,46.7,35.9,91.9,True,,,
100252,2H,82,58,pass,short_or_medium_pass,Sydney FC,Segecic,63.9,17.1,83.1,50.1,True,,,
100335,2H,83,1,pass,short_or_medium_pass,Melbourne Victory,Izzo,1.0,55.1,43.7,76.1,True,,,
100431,2H,83,1,pass,short_or_medium_pass,Melbourne Victory,Brimmer,38.7,59.0,39.3,48.2,True,,,
100893,2H,83,4,touch,,Melbourne Victory,Izzo,64.8,1.0,,,,,,
100804,2H,83,9,touch,,Melbourne Victory,Roderick,38.4,59.3,,,,,,
100328,2H,83,10,pass,short_or_medium_pass,Melbourne Victory,Izzo,10.0,48.2,19.1,70.0,True,,,
100559,2H,83,11,touch,,Sydney FC,Girdwood-Reich,95.2,69.7,,,,,,
100822,2H,83,15,touch,,Melbourne Victory,Brimmer,18.9,37.2,,,,,,
100391,2H,83,17,pass,short_or_medium_pass,Melbourne Victory,Neyder,27.5,90.6,52.5,60.9,True,,,
100803,2H,83,18,touch,,Melbourne Victory,Neyder,52.0,43.3,,,,,,
100321,2H,83,22,pass,short_or_medium_pass,Melbourne Victory,Izzo,2.1,59.5,16.1,47.4,True,,,
100677,2H,83,22,touch,,Sydney FC,Lolley,62.3,58.3,,,,,,
100375,2H,83,25,pass,short_or_medium_pass,Melbourne Victory,Roderick,15.7,63.9,46.1,36.3,True,,,
100244,2H,83,26,pass,short_or_medium_pass,Sydney FC,Segecic,74.2,14.5,52.3,26.7,True,,,
100361,2H,83,44,pass,short_or_medium_pass,Melbourne Victory,Geria,22.4,40.4,22.4,10.8,True,,,
100742,2H,84,3,touch,,Melbourne Victory,Roderick,57.8,33.3,,,,,,
100700,2H,84,20,touch,,Sydney FC,Kucharski,43.4,11.1,,,,,,
100834,2H,84,21,touch,,Melbourne Victory,Vidosic,20.4,14.5,,,,,,
100041,2H,84,28,pass,short_or_medium_pass,Sydney FC,Redmayne,7.8,49.9,54.8,21.6,True,,,
100271,2H,84,29,pass,short_or_medium_pass,Sydney FC,Brattan,65.0,77.7,57.6,25.9,True,,,
100723,2H,84,36,touch,,Sydney FC,Teague,21.6,65.9,,,,,,
100504,2H,84,42,pass,progressive_pass,Melbourne Victory,Geria,19.7,39.3,52.1,35.1,True,,,
100663,2H,85,2,touch,,Sydney FC,Rodwell,32.5,74.2,,,,,,
100464,2H,85,3,pass,short_or_medium_pass,Melbourne Victory,Bacus,60.6,58.2,38.6,53.5,True,,,
100023,2H,85,8,shot,,Melbourne Victory,Rojas,90.1,48.4,,,,0.29,False,False
100476,2H,85,8,pass,short_or_medium_pass,Melbourne Victory,Kalifa,63.1,79.4,38.4,59.9,True,,,
100129,2H,85,11,pass,short_or_medium_pass,Sydney FC,Girdwood-Reich,30.0,86.0,25.5,44.5,True,,,
100815,2H,85,26,touch,,Melbourne Victory,Izzo,14.9,74.0,,,,,,
100627,2H,85,31,touch,,Sydney FC,Segecic,52.8,42.3,,,,,,
100814,2H,85,35,touch,,Melbourne Victory,Bacus,83.3,66.8,,,,,,
100233,2H,85,38,pass,short_or_medium_pass,Sydney FC,Kucharski,54.0,71.4,74.3,79.9,True,,,
100669,2H,85,46,touch,,Sydney FC,Rodwell,64.3,40.6,,,,,,
100038,2H,85,52,pass,short_or_medium_pass,Sydney FC,Redmayne,1.0,53.4,51.8,40.4,True,,,
100012,2H,85,55,shot,,Sydney FC,Lolley,93.5,68.3,,,,0.2,False,True
100739,2H,85,56,touch,,Melbourne Victory,Bacus,1.0,44.6,,,,,,
100798,2H,85,57,touch,,Melbourne Victory,Kalifa,38.7,63.2,,,,,,
100564,2H,86,15,touch,,Sydney FC,Redmayne,17.2,80.6,,,,,,
100749,2H,86,19,touch,,Melbourne Victory,Vidosic,5.9,62.7,,,,,,
100680,2H,86,21,touch,,Sydney FC,Grant,99.0,35.2,,,,,,
100013,2H,86,32,shot,,Sydney FC,Kucharski,90.6,42.8,,,,0.28,False,True
100518,2H,86,34,pass,progressive_pass,Melbourne Victory,Bacus,55.9,44.6,74.7,46.6,False,,,
100295,2H,86,37,pass,progressive_pass,Sydney FC,Burgess,29.7,60.4,63.0,61.9,True,,,
100529,2H,86,40,touch,,Sydney FC,Segecic,38.7,62.1,,,,,,
100754,2H,86,42,touch,,Melbourne Victory,Roderick,53.2,87.9,,,,,,
100615,2H,86,44,touch,,Sydney FC,Girdwood-Reich,72.3,38.0,,,,,,
100395,2H,86,49,pass,short_or_medium_pass,Melbourne Victory,Neyder,27.4,82.5,72.1,51.3,True,,,
100848,2H,86,50,touch,,Melbourne Victory,Bacus,69.5,5.2,,,,,,
100502,2H,87,1,pass,progressive_pass,Melbourne Victory,Vidosic,21.2,5.0,45.3,7.4,False,,,
100014,2H,87,4,shot,,Sydney FC,Lolley,87.3,29.8,,,,0.12,False,True
100373,2H,87,7,pass,short_or_medium_pass,Melbourne Victory,Roderick,25.8,63.2,29.4,89.1,True,,,
100087,2H,87,8,pass,short_or_medium_pass,Sydney FC,Rodwell,5.3,37.1,16.7,65.7,True,,,
100492,2H,87,10,pass,short_or_medium_pass,Melbourne Victory,Chiba,74.8,58.3,59.3,46.0,True,,,
100597,2H,87,11,touch,,Sydney FC,Segecic,33.5,43.3,,,,,,
100566,2H,87,34,touch,,Sydney FC,Redmayne,99.0,42.9,,,,,,
100731,2H,87,40,touch,,Sydney FC,Segecic,63.4,4.6,,,,,,
100118,2H,87,41,pass,short_or_medium_pass,Sydney FC,Burgess,28.0,59.5,31.5,49.4,True,,,
100729,2H,87,49,touch,,Sydney FC,Rodwell,33.4,16.3,,,,,,
100889,2H,87,56,touch,,Melbourne Victory,Kalifa,60.9,31.1,,,,,,
100428,2H,88,8,pass,short_or_medium_pass,Melbourne Victory,Brimmer,29.5,62.5,40.2,52.7,True,,,
100865,2H,88,8,touch,,Melbourne Victory,Kalifa,62.0,37.2,,,,,,
100896,2H,88,12,touch,,Melbourne Victory,Bacus,58.6,17.0,,,,,,
100362,2H,88,19,pass,short_or_medium_pass,Melbourne Victory,Geria,21.4,38.1,19.9,61.9,True,,,
100422,2H,88,19,pass,short_or_medium_pass,Melbourne Victory,Brimmer,42.9,66.9,24.6,57.9,True,,,
100367,2H,88,35,pass,short_or_medium_pass,Melbourne Victory,Roderick,31.4,51.6,13.0,54.5,True,,,
100905,2H,88,35,touch,,Melbourne Victory,Geria,32.9,54.9,,,,,,
100509,2H,88,53,pass,progressive_pass,Melbourne Victory,Brimmer,30.4,47.6,49.9,59.9,True,,,
100702,2H,88,56,touch,,Sydney FC,Grant,6.5,61.4,,,,,,
100549,2H,88,57,touch,,Sydney FC,Rodwell,45.8,66.6,,,,,,
100662,2H,89,6,touch,,Sydney FC,Burgess,53.9,62.7,,,,,,
100294,2H,89,12,pass,progressive_pass,Sydney FC,Girdwood-Reich,27.9,95.0,56.6,95.0,True,,,
100697,2H,89,12,touch,,Sydney FC,Caceres,63.2,76.9,,,,,,
100427,2H,89,27,pass,short_or_medium_pass,Melbourne Victory,Brimmer,46.6,61.4,30.3,91.9,True,,,
100055,2H,89,34,pass,short_or_medium_pass,Sydney FC,Grant,25.0,13.5,22.8,59.2,True,,,
100132,2H,89,38,pass,short_or_medium_pass,Sydney FC,Girdwood-Reich,24.8,86.0,30.0,59.8,True,,,
100241,2H,89,42,pass,short_or_medium_pass,Sydney FC,Segecic,70.4,13.9,42.3,51.5,True,,,
100432,2H,89,52,pass,short_or_medium_pass,Melbourne Victory,Brimmer,30.1,62.0,50.2,46.4,True,,,
100388,2H,89,58,pass,short_or_medium_pass,Melbourne Victory,Neyder,19.7,87.3,12.7,69.3,True,,,
100793,2H,90,10,touch,,Melbourne Victory,Brimmer,47.9,23.7,,,,,,
100309,2H,90,23,pass,progressive_pass,Sydney FC,Rodwell,29.0,35.6,44.3,35.7,False,,,
100522,2H,90,29,touch,,Sydney FC,Redmayne,69.9,27.3,,,,,,
100384,2H,90,41,pass,short_or_medium_pass,Melbourne Victory,Neyder,34.0,78.9,17.3,52.8,True,,,
100372,2H,90,59,pass,short_or_medium_pass,Melbourne Victory,Roderick,17.5,63.3,33.4,87.3,True,,,
